gruppebereich;gruppename;Anzahl BA;VwdMw;stdVwd;unter 1 Jahr;1 bis unter 5 Jahre;5 bis unter 10 Jahre;10 bis unter 15 Jahre;15 bis unter 20 Jahre;20 bis unter 25 Jahre;25 bis unter 30 Jahre;30 bis unter 35 Jahre;35 bis unter 40 Jahre;40 bis unter 45 Jahre;45 bis unter 50 Jahre;50 bis unter 55 Jahre;55 bis unter 60 Jahre;60 bis unter 65 Jahre;65 bis unter 70 Jahre;70 bis unter 75 Jahre;75 bis unter 80 Jahre;80 bis unter 85 Jahre;85 bis unter 90 Jahre;90 Jahre und älter;Ant00J;Ant0105J;Ant0510J;Ant1015J;Ant1520J;Ant2025J;Ant2530J;Ant3035J;Ant3540J;Ant4045J;Ant4550J;Ant5055J;Ant5560J;Ant6065J;Ant6570J;Ant7075J;Ant7580J;Ant8085J;Ant8590J;Ant90ffJ
A00-A09;Infektiöse Darmkrankheiten;1738;4,4074;4,0912;86;231;121;99;76;95;86;58;40;39;46;55;63;55;69;103;123;120;110;63;0,0495;0,1329;0,0696;0,057;0,0437;0,0547;0,0495;0,0334;0,023;0,0224;0,0265;0,0316;0,0362;0,0316;0,0397;0,0593;0,0708;0,069;0,0633;0,0362
A15-A19;Tuberkulose;19;14,5789;14,435;0;1;0;0;0;0;1;2;3;1;1;1;1;4;1;1;0;2;0;0;0,00;0,0526;0,00;0,00;0,00;0,00;0,0526;0,1053;0,1579;0,0526;0,0526;0,0526;0,0526;0,2105;0,0526;0,0526;0,00;0,1053;0,00;0,00
A20-A28;Bestimmte bakterielle Zoonosen;9;6,2222;4,0552;0;0;0;0;0;1;0;0;0;0;0;1;0;1;1;3;0;2;0;0;0,00;0,00;0,00;0,00;0,00;0,1111;0,00;0,00;0,00;0,00;0,00;0,1111;0,00;0,1111;0,1111;0,3333;0,00;0,2222;0,00;0,00
A30-A49;Sonstige bakterielle Krankheiten;1547;7,8313;5,4735;7;14;7;6;5;9;15;32;36;40;74;98;128;130;145;206;231;171;129;64;0,0045;0,009;0,0045;0,0039;0,0032;0,0058;0,0097;0,0207;0,0233;0,0259;0,0478;0,0633;0,0827;0,084;0,0937;0,1332;0,1493;0,1105;0,0834;0,0414
A50-A64;Infektionen, die vorwiegend durch Geschlechtsverkehr übertragen werden;37;4,5946;3,3538;0;0;0;0;12;10;3;4;2;1;0;2;0;1;0;0;0;1;0;1;0,00;0,00;0,00;0,00;0,3243;0,2703;0,0811;0,1081;0,0541;0,027;0,00;0,0541;0,00;0,027;0,00;0,00;0,00;0,027;0,00;0,027
A65-A69;Sonstige Spirochätenkrankheiten;39;8,0256;5,5795;0;2;5;4;0;1;0;1;3;1;2;0;3;5;4;2;5;1;0;0;0,00;0,0513;0,1282;0,1026;0,00;0,0256;0,00;0,0256;0,0769;0,0256;0,0513;0,00;0,0769;0,1282;0,1026;0,0513;0,1282;0,0256;0,00;0,00
A70-A74;Sonstige Krankheiten durch Chlamydien;0;0,00;0,00;0;0;0;0;0;0;0;0;0;0;0;0;0;0;0;0;0;0;0;0;0,00;0,00;0,00;0,00;0,00;0,00;0,00;0,00;0,00;0,00;0,00;0,00;0,00;0,00;0,00;0,00;0,00;0,00;0,00;0,00
A75-A79;Rickettsiosen;-999;-999,00;-999,00;-999;-999;-999;-999;-999;-999;-999;-999;-999;-999;-999;-999;-999;-999;-999;-999;-999;-999;-999;-999;-9,99;-9,99;-9,99;-9,99;-9,99;-9,99;-9,99;-9,99;-9,99;-9,99;-9,99;-9,99;-9,99;-9,99;-9,99;-9,99;-9,99;-9,99;-9,99;-9,99
A80-A89;Virusinfektionen des Zentralnervensystems;5;2,40;2,6077;0;0;0;0;0;0;0;0;1;1;0;1;1;0;0;0;1;0;0;0;0,00;0,00;0,00;0,00;0,00;0,00;0,00;0,00;0,20;0,20;0,00;0,20;0,20;0,00;0,00;0,00;0,20;0,00;0,00;0,00
A90-A99;Durch Arthropoden übertragene Viruskrankheiten und virale hämorrhagische Fieber;2;7,50;2,1213;0;0;0;0;0;0;0;0;0;0;0;0;1;1;0;0;0;0;0;0;0,00;0,00;0,00;0,00;0,00;0,00;0,00;0,00;0,00;0,00;0,00;0,00;0,50;0,50;0,00;0,00;0,00;0,00;0,00;0,00
B00-B09;Virusinfektionen, die durch Haut- und Schleimhautläsionen gekennzeichnet sind;410;5,8317;3,8024;14;25;5;6;7;14;3;15;7;13;12;23;25;46;28;44;60;32;24;7;0,0341;0,061;0,0122;0,0146;0,0171;0,0341;0,0073;0,0366;0,0171;0,0317;0,0293;0,0561;0,061;0,1122;0,0683;0,1073;0,1463;0,078;0,0585;0,0171
B15-B19;Virushepatitis;28;1,8214;2,9821;0;0;0;1;0;0;0;3;3;5;3;3;3;3;1;2;1;0;0;0;0,00;0,00;0,00;0,0357;0,00;0,00;0,00;0,1071;0,1071;0,1786;0,1071;0,1071;0,1071;0,1071;0,0357;0,0714;0,0357;0,00;0,00;0,00
B20-B24;HIV-Krankheit [Humane Immundefizienz-Viruskrankheit];2;3,00;1,4142;0;0;0;0;0;1;0;0;0;0;0;0;0;1;0;0;0;0;0;0;0,00;0,00;0,00;0,00;0,00;0,50;0,00;0,00;0,00;0,00;0,00;0,00;0,00;0,50;0,00;0,00;0,00;0,00;0,00;0,00
B25-B34;Sonstige Viruskrankheiten;266;3,9624;2,2534;8;11;10;21;100;48;14;11;9;4;4;4;6;3;4;2;3;3;1;0;0,0301;0,0414;0,0376;0,0789;0,3759;0,1805;0,0526;0,0414;0,0338;0,015;0,015;0,015;0,0226;0,0113;0,015;0,0075;0,0113;0,0113;0,0038;0,00
B35-B49;Mykosen;128;5,2813;5,4033;3;0;0;0;0;1;1;1;5;2;6;10;11;15;9;11;23;18;9;3;0,0234;0,00;0,00;0,00;0,00;0,0078;0,0078;0,0078;0,0391;0,0156;0,0469;0,0781;0,0859;0,1172;0,0703;0,0859;0,1797;0,1406;0,0703;0,0234
B50-B64;Protozoenkrankheiten;6;6,00;7,642;0;0;0;0;2;1;0;1;0;1;0;0;0;0;0;1;0;0;0;0;0,00;0,00;0,00;0,00;0,3333;0,1667;0,00;0,1667;0,00;0,1667;0,00;0,00;0,00;0,00;0,00;0,1667;0,00;0,00;0,00;0,00
B65-B83;Helminthosen;9;3,2222;1,7159;0;0;2;1;1;0;1;3;0;0;0;0;0;0;0;0;0;1;0;0;0,00;0,00;0,2222;0,1111;0,1111;0,00;0,1111;0,3333;0,00;0,00;0,00;0,00;0,00;0,00;0,00;0,00;0,00;0,1111;0,00;0,00
B85-B89;Pedikulose [Läusebefall], Akarinose [Milbenbefall] und sonstiger Parasitenbefall der Haut;7;3,2857;2,6277;1;2;2;0;1;0;0;0;0;0;0;0;0;0;0;0;1;0;0;0;0,1429;0,2857;0,2857;0,00;0,1429;0,00;0,00;0,00;0,00;0,00;0,00;0,00;0,00;0,00;0,00;0,00;0,1429;0,00;0,00;0,00
B90-B94;Folgezustände von infektiösen und parasitären Krankheiten;0;0,00;0,00;0;0;0;0;0;0;0;0;0;0;0;0;0;0;0;0;0;0;0;0;0,00;0,00;0,00;0,00;0,00;0,00;0,00;0,00;0,00;0,00;0,00;0,00;0,00;0,00;0,00;0,00;0,00;0,00;0,00;0,00
B95-B98;Bakterien, Viren und sonstige Infektionserreger als Ursache von Krankheiten, die in anderen Kapiteln klassifiziert sind;0;0,00;0,00;0;0;0;0;0;0;0;0;0;0;0;0;0;0;0;0;0;0;0;0;0,00;0,00;0,00;0,00;0,00;0,00;0,00;0,00;0,00;0,00;0,00;0,00;0,00;0,00;0,00;0,00;0,00;0,00;0,00;0,00
B99-B99;Sonstige Infektionskrankheiten;282;6,5638;4,9887;3;13;3;2;3;8;5;9;5;6;12;10;13;19;27;36;36;36;25;11;0,0106;0,0461;0,0106;0,0071;0,0106;0,0284;0,0177;0,0319;0,0177;0,0213;0,0426;0,0355;0,0461;0,0674;0,0957;0,1277;0,1277;0,1277;0,0887;0,039
C00-C14;Bösartige Neubildungen der Lippe, der Mundhöhle und des Pharynx;849;5,4499;7,3527;0;0;0;0;3;2;2;5;9;19;39;120;126;150;96;107;101;32;26;12;0,00;0,00;0,00;0,00;0,0035;0,0024;0,0024;0,0059;0,0106;0,0224;0,0459;0,1413;0,1484;0,1767;0,1131;0,126;0,119;0,0377;0,0306;0,0141
C15-C26;Bösartige Neubildungen der Verdauungsorgane;2147;7,4215;7,8419;0;0;0;1;0;0;0;17;9;38;66;142;162;235;268;470;393;180;127;39;0,00;0,00;0,00;0,0005;0,00;0,00;0,00;0,0079;0,0042;0,0177;0,0307;0,0661;0,0755;0,1095;0,1248;0,2189;0,183;0,0838;0,0592;0,0182
C30-C39;Bösartige Neubildungen der Atmungsorgane und sonstiger intrathorakaler Organe;1344;6,1793;7,1501;0;0;0;0;2;0;2;2;3;11;26;103;158;246;204;256;192;92;38;9;0,00;0,00;0,00;0,00;0,0015;0,00;0,0015;0,0015;0,0022;0,0082;0,0193;0,0766;0,1176;0,183;0,1518;0,1905;0,1429;0,0685;0,0283;0,0067
C40-C41;Bösartige Neubildungen des Knochens und des Gelenkknorpels;18;6,0556;6,0046;0;0;0;1;0;0;0;0;0;1;4;3;2;1;0;2;1;2;0;1;0,00;0,00;0,00;0,0556;0,00;0,00;0,00;0,00;0,00;0,0556;0,2222;0,1667;0,1111;0,0556;0,00;0,1111;0,0556;0,1111;0,00;0,0556
C43-C44;Melanom und sonstige bösartige Neubildungen der Haut;2854;3,336;3,0085;0;0;0;0;1;3;6;7;12;32;51;79;109;138;198;432;636;544;407;199;0,00;0,00;0,00;0,00;0,0004;0,0011;0,0021;0,0025;0,0042;0,0112;0,0179;0,0277;0,0382;0,0484;0,0694;0,1514;0,2228;0,1906;0,1426;0,0697
C45-C49;Bösartige Neubildungen des mesothelialen Gewebes und des Weichteilgewebes;180;6,7778;8,45;0;0;0;0;0;1;1;0;1;1;1;10;10;16;30;30;38;16;20;5;0,00;0,00;0,00;0,00;0,00;0,0056;0,0056;0,00;0,0056;0,0056;0,0056;0,0556;0,0556;0,0889;0,1667;0,1667;0,2111;0,0889;0,1111;0,0278
C50-C50;Bösartige Neubildungen der Brustdrüse [Mamma];4682;4,5463;3,6789;0;0;0;0;0;4;21;61;119;267;563;635;476;535;510;567;481;241;152;50;0,00;0,00;0,00;0,00;0,00;0,0009;0,0045;0,013;0,0254;0,057;0,1202;0,1356;0,1017;0,1143;0,1089;0,1211;0,1027;0,0515;0,0325;0,0107
C51-C58;Bösartige Neubildungen der weiblichen Genitalorgane;1251;6,4388;6,2472;0;0;0;0;5;6;8;22;28;41;69;100;120;114;136;188;202;116;73;23;0,00;0,00;0,00;0,00;0,004;0,0048;0,0064;0,0176;0,0224;0,0328;0,0552;0,0799;0,0959;0,0911;0,1087;0,1503;0,1615;0,0927;0,0584;0,0184
C60-C63;Bösartige Neubildungen der männlichen Genitalorgane;5030;5,104;4,8563;0;0;0;0;4;42;78;87;96;69;120;156;355;542;726;1044;942;490;228;51;0,00;0,00;0,00;0,00;0,0008;0,0083;0,0155;0,0173;0,0191;0,0137;0,0239;0,031;0,0706;0,1078;0,1443;0,2076;0,1873;0,0974;0,0453;0,0101
C64-C68;Bösartige Neubildungen der Harnorgane;9083;4,7816;4,0885;0;0;0;0;0;2;11;11;28;70;215;383;669;947;1071;1754;1875;1175;660;212;0,00;0,00;0,00;0,00;0,00;0,0002;0,0012;0,0012;0,0031;0,0077;0,0237;0,0422;0,0737;0,1043;0,1179;0,1931;0,2064;0,1294;0,0727;0,0233
C69-C72;Bösartige Neubildungen des Auges, des Gehirns und sonstiger Teile des Zentralnervensystems;222;7,7523;10,1846;0;0;0;0;0;0;10;3;9;20;7;18;35;27;45;18;13;10;5;2;0,00;0,00;0,00;0,00;0,00;0,00;0,045;0,0135;0,0405;0,0901;0,0315;0,0811;0,1577;0,1216;0,2027;0,0811;0,0586;0,045;0,0225;0,009
C73-C75;Bösartige Neubildungen der Schilddrüse und sonstiger endokriner Drüsen;655;3,1664;1,3852;0;0;0;2;10;21;34;51;51;85;67;78;71;54;42;42;19;19;8;1;0,00;0,00;0,00;0,0031;0,0153;0,0321;0,0519;0,0779;0,0779;0,1298;0,1023;0,1191;0,1084;0,0824;0,0641;0,0641;0,029;0,029;0,0122;0,0015
C76-C80;Bösartige Neubildungen ungenau bezeichneter, sekundärer und nicht näher bezeichneter Lokalisationen;1339;8,0597;8,7621;0;0;0;0;1;0;6;5;15;21;53;97;134;156;147;209;239;155;73;28;0,00;0,00;0,00;0,00;0,0007;0,00;0,0045;0,0037;0,0112;0,0157;0,0396;0,0724;0,1001;0,1165;0,1098;0,1561;0,1785;0,1158;0,0545;0,0209
C81-C96;Bösartige Neubildungen des lymphatischen, blutbildenden und verwandten Gewebes, als primär festgestellt oder vermutet;1302;6,9716;7,8511;0;0;0;1;1;6;8;8;5;16;32;58;86;79;151;242;278;203;100;28;0,00;0,00;0,00;0,0008;0,0008;0,0046;0,0061;0,0061;0,0038;0,0123;0,0246;0,0445;0,0661;0,0607;0,116;0,1859;0,2135;0,1559;0,0768;0,0215
C97-C97;Bösartige Neubildungen als Primärtumoren an mehreren Lokalisationen;0;0,00;0,00;0;0;0;0;0;0;0;0;0;0;0;0;0;0;0;0;0;0;0;0;0,00;0,00;0,00;0,00;0,00;0,00;0,00;0,00;0,00;0,00;0,00;0,00;0,00;0,00;0,00;0,00;0,00;0,00;0,00;0,00
D00-D09;In-situ-Neubildungen;1234;3,3144;2,7017;0;0;0;0;0;14;72;92;88;98;116;155;81;112;99;106;105;63;27;6;0,00;0,00;0,00;0,00;0,00;0,0113;0,0583;0,0746;0,0713;0,0794;0,094;0,1256;0,0656;0,0908;0,0802;0,0859;0,0851;0,0511;0,0219;0,0049
D10-D36;Gutartige Neubildungen;13328;3,9343;2,677;18;10;12;46;158;238;346;589;1030;1944;2842;1827;925;813;698;781;617;286;118;30;0,0014;0,0008;0,0009;0,0035;0,0119;0,0179;0,026;0,0442;0,0773;0,1459;0,2132;0,1371;0,0694;0,061;0,0524;0,0586;0,0463;0,0215;0,0089;0,0023
D37-D48;Neubildungen unsicheren oder unbekannten Verhaltens;2714;3,2631;3,6763;0;3;1;5;18;22;35;42;64;100;165;206;238;258;284;391;404;264;150;64;0,00;0,0011;0,0004;0,0018;0,0066;0,0081;0,0129;0,0155;0,0236;0,0368;0,0608;0,0759;0,0877;0,0951;0,1046;0,1441;0,1489;0,0973;0,0553;0,0236
D50-D53;Alimentäre Anämien;607;5,341;4,2575;0;0;1;0;2;2;3;3;7;15;22;22;18;26;37;75;98;127;86;63;0,00;0,00;0,0016;0,00;0,0033;0,0033;0,0049;0,0049;0,0115;0,0247;0,0362;0,0362;0,0297;0,0428;0,061;0,1236;0,1614;0,2092;0,1417;0,1038
D55-D59;Hämolytische Anämien;44;7,25;5,4394;1;0;0;0;2;0;0;1;0;0;0;1;2;2;5;5;3;14;8;0;0,0227;0,00;0,00;0,00;0,0455;0,00;0,00;0,0227;0,00;0,00;0,00;0,0227;0,0455;0,0455;0,1136;0,1136;0,0682;0,3182;0,1818;0,00
D60-D64;Aplastische und sonstige Anämien;723;4,7248;4,3666;0;0;0;0;0;0;2;4;7;4;13;16;24;36;54;98;135;124;109;97;0,00;0,00;0,00;0,00;0,00;0,00;0,0028;0,0055;0,0097;0,0055;0,018;0,0221;0,0332;0,0498;0,0747;0,1355;0,1867;0,1715;0,1508;0,1342
D65-D69;Koagulopathien, Purpura und sonstige hämorrhagische Diathesen;231;6,5455;7,3008;1;5;1;2;2;4;2;1;3;5;4;12;8;12;11;33;44;43;30;8;0,0043;0,0216;0,0043;0,0087;0,0087;0,0173;0,0087;0,0043;0,013;0,0216;0,0173;0,0519;0,0346;0,0519;0,0476;0,1429;0,1905;0,1861;0,1299;0,0346
D70-D77;Sonstige Krankheiten des Blutes und der blutbildenden Organe;90;5,1333;5,3384;0;0;0;0;1;0;0;3;6;2;5;7;8;9;10;15;12;12;0;0;0,00;0,00;0,00;0,00;0,0111;0,00;0,00;0,0333;0,0667;0,0222;0,0556;0,0778;0,0889;0,10;0,1111;0,1667;0,1333;0,1333;0,00;0,00
D80-D90;Bestimmte Störungen mit Beteiligung des Immunsystems;86;4,093;4,3781;0;0;0;0;9;1;4;6;3;9;4;6;7;7;4;19;4;2;1;0;0,00;0,00;0,00;0,00;0,1047;0,0116;0,0465;0,0698;0,0349;0,1047;0,0465;0,0698;0,0814;0,0814;0,0465;0,2209;0,0465;0,0233;0,0116;0,00
E00-E07;Krankheiten der Schilddrüse;3064;3,4504;1,7752;0;0;0;0;10;25;60;104;137;220;329;386;357;341;322;304;290;134;43;2;0,00;0,00;0,00;0,00;0,0033;0,0082;0,0196;0,0339;0,0447;0,0718;0,1074;0,126;0,1165;0,1113;0,1051;0,0992;0,0946;0,0437;0,014;0,0007
E10-E14;Diabetes mellitus;3641;6,4554;7,041;0;3;3;5;22;23;29;55;49;108;141;266;308;412;436;526;605;389;206;55;0,00;0,0008;0,0008;0,0014;0,006;0,0063;0,008;0,0151;0,0135;0,0297;0,0387;0,0731;0,0846;0,1132;0,1197;0,1445;0,1662;0,1068;0,0566;0,0151
E15-E16;Sonstige Störungen der Blutglukose-Regulation und der inneren Sekretion des Pankreas;30;3,20;2,5918;0;2;0;1;1;0;1;2;5;0;2;1;1;0;1;0;4;4;0;5;0,00;0,0667;0,00;0,0333;0,0333;0,00;0,0333;0,0667;0,1667;0,00;0,0667;0,0333;0,0333;0,00;0,0333;0,00;0,1333;0,1333;0,00;0,1667
E20-E35;Krankheiten sonstiger endokriner Drüsen;59;3,8475;3,8453;1;0;2;2;3;9;12;10;3;1;3;1;1;0;2;5;1;2;1;0;0,0169;0,00;0,0339;0,0339;0,0508;0,1525;0,2034;0,1695;0,0508;0,0169;0,0508;0,0169;0,0169;0,00;0,0339;0,0847;0,0169;0,0339;0,0169;0,00
E40-E46;Mangelernährung;7;15,1429;8,4544;0;1;0;0;0;0;0;0;0;0;1;0;0;1;1;1;2;0;0;0;0,00;0,1429;0,00;0,00;0,00;0,00;0,00;0,00;0,00;0,00;0,1429;0,00;0,00;0,1429;0,1429;0,1429;0,2857;0,00;0,00;0,00
E50-E64;Sonstige alimentäre Mangelzustände;10;4,80;4,341;0;0;2;0;0;0;0;0;0;0;1;0;1;2;0;0;3;1;0;0;0,00;0,00;0,20;0,00;0,00;0,00;0,00;0,00;0,00;0,00;0,10;0,00;0,10;0,20;0,00;0,00;0,30;0,10;0,00;0,00
E65-E68;Adipositas und sonstige Überernährung;120;4,5417;3,4248;0;0;0;0;1;5;9;16;13;14;11;17;9;14;5;3;1;2;0;0;0,00;0,00;0,00;0,00;0,0083;0,0417;0,075;0,1333;0,1083;0,1167;0,0917;0,1417;0,075;0,1167;0,0417;0,025;0,0083;0,0167;0,00;0,00
E70-E90;Stoffwechselstörungen;1267;6,2723;4,329;4;12;14;20;7;6;4;15;13;15;24;26;28;35;61;92;169;209;290;223;0,0032;0,0095;0,011;0,0158;0,0055;0,0047;0,0032;0,0118;0,0103;0,0118;0,0189;0,0205;0,0221;0,0276;0,0481;0,0726;0,1334;0,165;0,2289;0,176
F00-F09;Organische, einschließlich symptomatischer psychischer Störungen;64;7,8438;5,3991;0;0;0;1;0;0;0;0;0;1;0;2;1;1;3;9;8;22;8;8;0,00;0,00;0,00;0,0156;0,00;0,00;0,00;0,00;0,00;0,0156;0,00;0,0313;0,0156;0,0156;0,0469;0,1406;0,125;0,3438;0,125;0,125
F10-F19;Psychische und Verhaltensstörungen durch psychotrope Substanzen;894;5,3277;5,6038;0;0;0;9;52;37;36;64;51;94;152;154;95;60;29;42;14;2;3;0;0,00;0,00;0,00;0,0101;0,0582;0,0414;0,0403;0,0716;0,057;0,1051;0,17;0,1723;0,1063;0,0671;0,0324;0,047;0,0157;0,0022;0,0034;0,00
F20-F29;Schizophrenie, schizotype und wahnhafte Störungen;24;5,1667;5,8135;0;0;0;0;0;1;2;2;2;2;3;2;2;2;0;1;1;2;1;1;0,00;0,00;0,00;0,00;0,00;0,0417;0,0833;0,0833;0,0833;0,0833;0,125;0,0833;0,0833;0,0833;0,00;0,0417;0,0417;0,0833;0,0417;0,0417
F30-F39;Affektive Störungen;159;10,2956;8,9616;0;0;0;0;2;4;3;10;6;4;12;21;13;9;13;18;17;18;6;3;0,00;0,00;0,00;0,00;0,0126;0,0252;0,0189;0,0629;0,0377;0,0252;0,0755;0,1321;0,0818;0,0566;0,0818;0,1132;0,1069;0,1132;0,0377;0,0189
F40-F48;Neurotische, Belastungs- und somatoforme Störungen;285;4,7158;4,6383;2;0;2;7;22;17;12;18;23;25;18;21;22;17;16;14;25;15;7;2;0,007;0,00;0,007;0,0246;0,0772;0,0596;0,0421;0,0632;0,0807;0,0877;0,0632;0,0737;0,0772;0,0596;0,0561;0,0491;0,0877;0,0526;0,0246;0,007
F50-F59;Verhaltensauffälligkeiten mit körperlichen Störungen und Faktoren;28;4,9643;4,4678;0;0;1;3;0;5;0;5;2;1;1;2;1;0;1;1;1;1;0;3;0,00;0,00;0,0357;0,1071;0,00;0,1786;0,00;0,1786;0,0714;0,0357;0,0357;0,0714;0,0357;0,00;0,0357;0,0357;0,0357;0,0357;0,00;0,1071
F60-F69;Persönlichkeits- und Verhaltensstörungen;15;6,0667;4,5429;0;0;0;0;1;1;2;3;1;0;1;0;1;0;2;0;1;1;1;0;0,00;0,00;0,00;0,00;0,0667;0,0667;0,1333;0,20;0,0667;0,00;0,0667;0,00;0,0667;0,00;0,1333;0,00;0,0667;0,0667;0,0667;0,00
F70-F79;Intelligenzstörung;0;0,00;0,00;0;0;0;0;0;0;0;0;0;0;0;0;0;0;0;0;0;0;0;0;0,00;0,00;0,00;0,00;0,00;0,00;0,00;0,00;0,00;0,00;0,00;0,00;0,00;0,00;0,00;0,00;0,00;0,00;0,00;0,00
F80-F89;Entwicklungsstörungen;0;0,00;0,00;0;0;0;0;0;0;0;0;0;0;0;0;0;0;0;0;0;0;0;0;0,00;0,00;0,00;0,00;0,00;0,00;0,00;0,00;0,00;0,00;0,00;0,00;0,00;0,00;0,00;0,00;0,00;0,00;0,00;0,00
F90-F98;Verhaltens- und emotionale Störungen mit Beginn in der Kindheit und Jugend;6;2,3333;2,3381;1;0;1;2;0;0;0;0;0;0;1;0;0;0;0;1;0;0;0;0;0,1667;0,00;0,1667;0,3333;0,00;0,00;0,00;0,00;0,00;0,00;0,1667;0,00;0,00;0,00;0,00;0,1667;0,00;0,00;0,00;0,00
F99-F99;Nicht näher bezeichnete psychische Störungen;-999;-999,00;-999,00;-999;-999;-999;-999;-999;-999;-999;-999;-999;-999;-999;-999;-999;-999;-999;-999;-999;-999;-999;-999;-9,99;-9,99;-9,99;-9,99;-9,99;-9,99;-9,99;-9,99;-9,99;-9,99;-9,99;-9,99;-9,99;-9,99;-9,99;-9,99;-9,99;-9,99;-9,99;-9,99
G00-G09;Entzündliche Krankheiten des Zentralnervensystems;22;4,5455;3,7126;0;0;0;2;1;2;0;2;0;0;1;1;1;4;0;2;3;2;0;1;0,00;0,00;0,00;0,0909;0,0455;0,0909;0,00;0,0909;0,00;0,00;0,0455;0,0455;0,0455;0,1818;0,00;0,0909;0,1364;0,0909;0,00;0,0455
G10-G14;Systematrophien, die vorwiegend das Zentralnervensystem betreffen;25;5,60;6,2249;0;0;0;0;7;5;0;1;1;2;0;0;0;1;3;2;1;2;0;0;0,00;0,00;0,00;0,00;0,28;0,20;0,00;0,04;0,04;0,08;0,00;0,00;0,00;0,04;0,12;0,08;0,04;0,08;0,00;0,00
G20-G26;Extrapyramidale Krankheiten und Bewegungsstörungen;132;7,9697;6,1507;1;0;0;0;1;1;0;0;0;1;9;2;7;7;13;24;31;20;13;2;0,0076;0,00;0,00;0,00;0,0076;0,0076;0,00;0,00;0,00;0,0076;0,0682;0,0152;0,053;0,053;0,0985;0,1818;0,2348;0,1515;0,0985;0,0152
G30-G32;Sonstige degenerative Krankheiten des Nervensystems;21;9,6667;6,4756;0;0;0;0;0;0;0;0;0;0;1;0;1;1;2;3;7;2;3;1;0,00;0,00;0,00;0,00;0,00;0,00;0,00;0,00;0,00;0,00;0,0476;0,00;0,0476;0,0476;0,0952;0,1429;0,3333;0,0952;0,1429;0,0476
G35-G37;Demyelinisierende Krankheiten des Zentralnervensystems;93;7,172;7,7131;0;0;0;0;0;0;3;2;7;15;21;17;9;6;7;2;4;0;0;0;0,00;0,00;0,00;0,00;0,00;0,00;0,0323;0,0215;0,0753;0,1613;0,2258;0,1828;0,0968;0,0645;0,0753;0,0215;0,043;0,00;0,00;0,00
G40-G47;Episodische und paroxysmale Krankheiten des Nervensystems;3800;2,1345;1,7533;2;230;96;35;21;46;69;116;141;263;375;442;476;388;306;332;262;113;68;19;0,0005;0,0605;0,0253;0,0092;0,0055;0,0121;0,0182;0,0305;0,0371;0,0692;0,0987;0,1163;0,1253;0,1021;0,0805;0,0874;0,0689;0,0297;0,0179;0,005
G50-G59;Krankheiten von Nerven, Nervenwurzeln und Nervenplexus;1341;2,2394;2,3956;1;2;2;5;5;15;25;31;28;53;80;112;123;98;87;171;230;146;92;35;0,0007;0,0015;0,0015;0,0037;0,0037;0,0112;0,0186;0,0231;0,0209;0,0395;0,0597;0,0835;0,0917;0,0731;0,0649;0,1275;0,1715;0,1089;0,0686;0,0261
G60-G64;Polyneuropathien und sonstige Krankheiten des peripheren Nervensystems;44;6,5682;6,1357;0;0;0;0;1;0;0;0;1;1;0;3;1;20;4;4;3;3;1;2;0,00;0,00;0,00;0,00;0,0227;0,00;0,00;0,00;0,0227;0,0227;0,00;0,0682;0,0227;0,4545;0,0909;0,0909;0,0682;0,0682;0,0227;0,0455
G70-G73;Krankheiten im Bereich der neuromuskulären Synapse und des Muskels;7;5,4286;8,3438;0;0;1;0;0;1;0;0;0;0;0;0;1;2;1;0;1;0;0;0;0,00;0,00;0,1429;0,00;0,00;0,1429;0,00;0,00;0,00;0,00;0,00;0,00;0,1429;0,2857;0,1429;0,00;0,1429;0,00;0,00;0,00
G80-G83;Zerebrale Lähmung und sonstige Lähmungssyndrome;63;7,4762;6,2884;0;1;0;0;1;2;2;1;2;4;4;9;5;6;8;5;5;4;3;1;0,00;0,0159;0,00;0,00;0,0159;0,0317;0,0317;0,0159;0,0317;0,0635;0,0635;0,1429;0,0794;0,0952;0,127;0,0794;0,0794;0,0635;0,0476;0,0159
G90-G99;Sonstige Krankheiten des Nervensystems;148;5,1757;5,2408;0;1;1;0;7;8;7;12;5;11;10;3;15;10;6;20;20;8;4;0;0,00;0,0068;0,0068;0,00;0,0473;0,0541;0,0473;0,0811;0,0338;0,0743;0,0676;0,0203;0,1014;0,0676;0,0405;0,1351;0,1351;0,0541;0,027;0,00
H00-H06;Affektionen des Augenlides, des Tränenapparates und der Orbita;1781;1,8456;1,1344;1;27;5;5;11;10;14;8;17;37;55;84;118;159;165;319;330;241;120;55;0,0006;0,0152;0,0028;0,0028;0,0062;0,0056;0,0079;0,0045;0,0095;0,0208;0,0309;0,0472;0,0663;0,0893;0,0926;0,1791;0,1853;0,1353;0,0674;0,0309
H10-H13;Affektionen der Konjunktiva;416;1,6154;0,8366;1;0;1;0;1;5;3;11;20;14;44;45;48;38;44;54;53;27;5;2;0,0024;0,00;0,0024;0,00;0,0024;0,012;0,0072;0,0264;0,0481;0,0337;0,1058;0,1082;0,1154;0,0913;0,1058;0,1298;0,1274;0,0649;0,012;0,0048
H15-H22;Affektionen der Sklera, der Hornhaut, der Iris und des Ziliarkörpers;1396;4,2192;3,2005;0;0;0;2;24;37;35;35;34;42;62;59;90;108;148;195;249;158;86;32;0,00;0,00;0,00;0,0014;0,0172;0,0265;0,0251;0,0251;0,0244;0,0301;0,0444;0,0423;0,0645;0,0774;0,106;0,1397;0,1784;0,1132;0,0616;0,0229
H25-H28;Affektionen der Linse;25850;1,5555;1,0493;0;2;2;7;6;15;18;24;38;71;194;402;689;1371;2136;4925;6976;4991;3141;842;0,00;0,0001;0,0001;0,0003;0,0002;0,0006;0,0007;0,0009;0,0015;0,0027;0,0075;0,0156;0,0267;0,053;0,0826;0,1905;0,2699;0,1931;0,1215;0,0326
H30-H36;Affektionen der Aderhaut und der Netzhaut;7716;2,697;1,4895;0;1;0;1;18;28;36;40;45;93;224;357;564;862;1065;1639;1615;732;330;66;0,00;0,0001;0,00;0,0001;0,0023;0,0036;0,0047;0,0052;0,0058;0,0121;0,029;0,0463;0,0731;0,1117;0,138;0,2124;0,2093;0,0949;0,0428;0,0086
H40-H42;Glaukom;4799;2,8273;2,0773;0;0;1;7;17;14;21;37;40;88;166;218;311;481;489;924;989;602;306;88;0,00;0,00;0,0002;0,0015;0,0035;0,0029;0,0044;0,0077;0,0083;0,0183;0,0346;0,0454;0,0648;0,1002;0,1019;0,1925;0,2061;0,1254;0,0638;0,0183
H43-H45;Affektionen des Glaskörpers und des Augapfels;1327;3,168;2,1965;0;0;0;0;0;9;11;16;20;22;44;93;102;145;172;217;227;144;79;26;0,00;0,00;0,00;0,00;0,00;0,0068;0,0083;0,0121;0,0151;0,0166;0,0332;0,0701;0,0769;0,1093;0,1296;0,1635;0,1711;0,1085;0,0595;0,0196
H46-H48;Affektionen des N. opticus und der Sehbahn;161;3,441;2,3341;0;0;0;0;1;5;7;1;5;4;17;11;16;12;18;18;25;16;3;2;0,00;0,00;0,00;0,00;0,0062;0,0311;0,0435;0,0062;0,0311;0,0248;0,1056;0,0683;0,0994;0,0745;0,1118;0,1118;0,1553;0,0994;0,0186;0,0124
H49-H52;Affektionen der Augenmuskeln, Störungen der Blickbewegungen sowie Akkommodationsstörungen und Refraktionsfehler;787;1,4206;0,6709;0;31;227;110;58;31;31;33;25;35;38;37;21;17;13;35;26;12;5;2;0,00;0,0394;0,2884;0,1398;0,0737;0,0394;0,0394;0,0419;0,0318;0,0445;0,0483;0,047;0,0267;0,0216;0,0165;0,0445;0,033;0,0152;0,0064;0,0025
H53-H54;Sehstörungen und Blindheit;37;1,8108;1,3711;0;0;0;1;0;0;1;2;2;4;2;3;2;3;2;6;5;3;0;1;0,00;0,00;0,00;0,027;0,00;0,00;0,027;0,0541;0,0541;0,1081;0,0541;0,0811;0,0541;0,0811;0,0541;0,1622;0,1351;0,0811;0,00;0,027
H55-H59;Sonstige Affektionen des Auges und der Augenanhangsgebilde;121;3,1074;1,9698;0;0;2;0;3;0;2;0;2;1;3;4;9;6;13;19;27;15;9;6;0,00;0,00;0,0165;0,00;0,0248;0,00;0,0165;0,00;0,0165;0,0083;0,0248;0,0331;0,0744;0,0496;0,1074;0,157;0,2231;0,124;0,0744;0,0496
H60-H62;Krankheiten des äußeren Ohres;660;2,5909;1,9491;1;3;15;12;31;27;15;24;32;36;79;69;65;56;40;76;38;24;12;5;0,0015;0,0045;0,0227;0,0182;0,047;0,0409;0,0227;0,0364;0,0485;0,0545;0,1197;0,1045;0,0985;0,0848;0,0606;0,1152;0,0576;0,0364;0,0182;0,0076
H65-H75;Krankheiten des Mittelohres und des Warzenfortsatzes;4678;2,6781;1,5024;21;199;300;257;262;254;260;273;271;303;407;425;409;302;242;241;167;54;27;4;0,0045;0,0425;0,0641;0,0549;0,056;0,0543;0,0556;0,0584;0,0579;0,0648;0,087;0,0909;0,0874;0,0646;0,0517;0,0515;0,0357;0,0115;0,0058;0,0009
H80-H83;Krankheiten des Innenohres;2192;4,6706;2,5456;0;0;1;11;24;57;76;97;132;210;254;295;229;213;161;187;139;71;22;13;0,00;0,00;0,0005;0,005;0,0109;0,026;0,0347;0,0443;0,0602;0,0958;0,1159;0,1346;0,1045;0,0972;0,0734;0,0853;0,0634;0,0324;0,01;0,0059
H90-H95;Sonstige Krankheiten des Ohres;1321;4,7782;2,33;3;8;6;11;28;47;58;51;66;92;132;169;137;134;113;116;95;39;16;0;0,0023;0,0061;0,0045;0,0083;0,0212;0,0356;0,0439;0,0386;0,05;0,0696;0,0999;0,1279;0,1037;0,1014;0,0855;0,0878;0,0719;0,0295;0,0121;0,00
I00-I02;Akutes rheumatisches Fieber;4;12,00;16,0831;0;0;0;0;0;0;0;0;0;1;0;2;0;0;0;0;1;0;0;0;0,00;0,00;0,00;0,00;0,00;0,00;0,00;0,00;0,00;0,25;0,00;0,50;0,00;0,00;0,00;0,00;0,25;0,00;0,00;0,00
I05-I09;Chronische rheumatische Herzkrankheiten;52;5,25;8,1575;0;0;0;0;0;0;0;0;1;0;1;2;1;6;5;10;13;10;2;1;0,00;0,00;0,00;0,00;0,00;0,00;0,00;0,00;0,0192;0,00;0,0192;0,0385;0,0192;0,1154;0,0962;0,1923;0,25;0,1923;0,0385;0,0192
I10-I15;Hypertonie [Hochdruckkrankheit];3382;3,5334;3,1061;0;0;1;4;5;10;16;18;39;83;136;218;255;328;367;503;604;405;285;105;0,00;0,00;0,0003;0,0012;0,0015;0,003;0,0047;0,0053;0,0115;0,0245;0,0402;0,0645;0,0754;0,097;0,1085;0,1487;0,1786;0,1198;0,0843;0,031
I20-I25;Ischämische Herzkrankheiten;11812;2,6017;2,6658;0;0;0;0;2;0;6;23;43;142;388;738;1116;1456;1657;2238;2214;1138;503;148;0,00;0,00;0,00;0,00;0,0002;0,00;0,0005;0,0019;0,0036;0,012;0,0328;0,0625;0,0945;0,1233;0,1403;0,1895;0,1874;0,0963;0,0426;0,0125
I26-I28;Pulmonale Herzkrankheit und Krankheiten des Lungenkreislaufes;440;7,7114;5,2096;0;0;0;0;1;1;4;1;6;10;13;15;17;42;42;84;85;69;31;19;0,00;0,00;0,00;0,00;0,0023;0,0023;0,0091;0,0023;0,0136;0,0227;0,0295;0,0341;0,0386;0,0955;0,0955;0,1909;0,1932;0,1568;0,0705;0,0432
I30-I52;Sonstige Formen der Herzkrankheit;13554;5,1594;5,2446;0;0;2;3;26;41;53;66;104;143;308;479;703;1052;1322;2299;2741;2082;1477;653;0,00;0,00;0,0001;0,0002;0,0019;0,003;0,0039;0,0049;0,0077;0,0106;0,0227;0,0353;0,0519;0,0776;0,0975;0,1696;0,2022;0,1536;0,109;0,0482
I60-I69;Zerebrovaskuläre Krankheiten;842;6,0594;4,5979;0;0;0;0;2;1;0;1;2;4;2;25;32;61;92;173;179;139;95;34;0,00;0,00;0,00;0,00;0,0024;0,0012;0,00;0,0012;0,0024;0,0048;0,0024;0,0297;0,038;0,0724;0,1093;0,2055;0,2126;0,1651;0,1128;0,0404
I70-I79;Krankheiten der Arterien, Arteriolen und Kapillaren;4878;5,8538;8,6293;0;0;0;0;2;3;5;6;7;27;101;276;509;626;687;827;859;561;271;111;0,00;0,00;0,00;0,00;0,0004;0,0006;0,001;0,0012;0,0014;0,0055;0,0207;0,0566;0,1043;0,1283;0,1408;0,1695;0,1761;0,115;0,0556;0,0228
I80-I89;Krankheiten der Venen, der Lymphgefäße und der Lymphknoten, anderenorts nicht klassifiziert;10080;2,3607;3,5627;0;8;11;22;77;137;216;344;502;746;1121;1275;1183;1249;985;1062;784;214;99;45;0,00;0,0008;0,0011;0,0022;0,0076;0,0136;0,0214;0,0341;0,0498;0,074;0,1112;0,1265;0,1174;0,1239;0,0977;0,1054;0,0778;0,0212;0,0098;0,0045
I95-I99;Sonstige und nicht näher bezeichnete Krankheiten des Kreislaufsystems;458;2,6288;2,8047;0;2;5;17;27;29;23;20;29;22;30;28;23;26;24;40;40;38;28;7;0,00;0,0044;0,0109;0,0371;0,059;0,0633;0,0502;0,0437;0,0633;0,048;0,0655;0,0611;0,0502;0,0568;0,0524;0,0873;0,0873;0,083;0,0611;0,0153
J00-J06;Akute Infektionen der oberen Atemwege;1347;3,4291;2,1765;28;140;65;52;149;155;122;95;89;69;69;60;65;55;32;38;41;12;10;1;0,0208;0,1039;0,0483;0,0386;0,1106;0,1151;0,0906;0,0705;0,0661;0,0512;0,0512;0,0445;0,0483;0,0408;0,0238;0,0282;0,0304;0,0089;0,0074;0,0007
J09-J18;Grippe und Pneumonie;1922;8,1405;5,0334;62;206;55;22;26;16;23;19;29;24;36;60;80;93;106;194;284;244;211;132;0,0323;0,1072;0,0286;0,0114;0,0135;0,0083;0,012;0,0099;0,0151;0,0125;0,0187;0,0312;0,0416;0,0484;0,0552;0,1009;0,1478;0,127;0,1098;0,0687
J20-J22;Sonstige akute Infektionen der unteren Atemwege;973;5,557;3,5619;92;155;32;22;10;15;15;25;18;17;24;29;41;33;42;70;103;95;86;49;0,0946;0,1593;0,0329;0,0226;0,0103;0,0154;0,0154;0,0257;0,0185;0,0175;0,0247;0,0298;0,0421;0,0339;0,0432;0,0719;0,1059;0,0976;0,0884;0,0504
J30-J39;Sonstige Krankheiten der oberen Atemwege;96448;3,0952;1,6174;29;7737;6621;3406;10104;12397;10510;8801;7117;6538;6638;5660;4059;2782;1700;1310;771;208;52;8;0,0003;0,0802;0,0686;0,0353;0,1048;0,1285;0,109;0,0913;0,0738;0,0678;0,0688;0,0587;0,0421;0,0288;0,0176;0,0136;0,008;0,0022;0,0005;0,0001
J40-J47;Chronische Krankheiten der unteren Atemwege;2370;7,3249;5,3528;7;38;42;32;24;22;14;25;34;44;52;100;159;228;307;385;377;263;162;55;0,003;0,016;0,0177;0,0135;0,0101;0,0093;0,0059;0,0105;0,0143;0,0186;0,0219;0,0422;0,0671;0,0962;0,1295;0,1624;0,1591;0,111;0,0684;0,0232
J60-J70;Lungenkrankheiten durch exogene Substanzen;167;9,5569;6,4431;1;1;0;0;1;0;0;0;7;3;1;9;1;8;11;19;32;30;25;18;0,006;0,006;0,00;0,00;0,006;0,00;0,00;0,00;0,0419;0,018;0,006;0,0539;0,006;0,0479;0,0659;0,1138;0,1916;0,1796;0,1497;0,1078
J80-J84;Sonstige Krankheiten der Atmungsorgane, die hauptsächlich das Interstitium betreffen;129;6,5271;7,3027;0;0;0;0;0;0;0;0;1;1;0;10;6;11;15;26;21;19;10;9;0,00;0,00;0,00;0,00;0,00;0,00;0,00;0,00;0,0078;0,0078;0,00;0,0775;0,0465;0,0853;0,1163;0,2016;0,1628;0,1473;0,0775;0,0698
J85-J86;Purulente und nekrotisierende Krankheitszustände der unteren Atemwege;12;11,1667;7,3216;0;0;0;0;0;0;0;0;0;1;0;0;4;2;0;1;0;2;2;0;0,00;0,00;0,00;0,00;0,00;0,00;0,00;0,00;0,00;0,0833;0,00;0,00;0,3333;0,1667;0,00;0,0833;0,00;0,1667;0,1667;0,00
J90-J94;Sonstige Krankheiten der Pleura;197;6,3604;6,2029;0;0;0;0;5;2;1;5;1;3;6;11;12;11;19;29;30;26;22;14;0,00;0,00;0,00;0,00;0,0254;0,0102;0,0051;0,0254;0,0051;0,0152;0,0305;0,0558;0,0609;0,0558;0,0964;0,1472;0,1523;0,132;0,1117;0,0711
J95-J99;Sonstige Krankheiten des Atmungssystems;218;3,9266;5,8463;1;2;3;0;5;6;1;2;4;5;9;9;21;26;23;27;34;28;9;3;0,0046;0,0092;0,0138;0,00;0,0229;0,0275;0,0046;0,0092;0,0183;0,0229;0,0413;0,0413;0,0963;0,1193;0,1055;0,1239;0,156;0,1284;0,0413;0,0138
K00-K14;Krankheiten der Mundhöhle, der Speicheldrüsen und der Kiefer;6311;2,7343;1,9191;4;70;94;67;571;644;583;408;344;326;393;375;327;286;277;446;482;307;204;103;0,0006;0,0111;0,0149;0,0106;0,0905;0,102;0,0924;0,0646;0,0545;0,0517;0,0623;0,0594;0,0518;0,0453;0,0439;0,0707;0,0764;0,0486;0,0323;0,0163
K20-K31;Krankheiten des Ösophagus, des Magens und des Duodenums;2215;3,9747;3,7043;5;36;31;72;65;45;50;52;58;80;110;116;158;135;164;293;314;201;167;63;0,0023;0,0163;0,014;0,0325;0,0293;0,0203;0,0226;0,0235;0,0262;0,0361;0,0497;0,0524;0,0713;0,0609;0,074;0,1323;0,1418;0,0907;0,0754;0,0284
K35-K38;Krankheiten der Appendix;1125;4,2124;3,1626;0;6;63;205;224;143;90;70;66;53;46;43;41;28;17;17;5;6;2;0;0,00;0,0053;0,056;0,1822;0,1991;0,1271;0,08;0,0622;0,0587;0,0471;0,0409;0,0382;0,0364;0,0249;0,0151;0,0151;0,0044;0,0053;0,0018;0,00
K40-K46;Hernien;11598;2,0297;1,6599;83;48;17;22;99;260;368;444;516;758;1087;1262;1236;1272;1079;1252;1037;491;209;58;0,0072;0,0041;0,0015;0,0019;0,0085;0,0224;0,0317;0,0383;0,0445;0,0654;0,0937;0,1088;0,1066;0,1097;0,093;0,1079;0,0894;0,0423;0,018;0,005
K50-K52;Nichtinfektiöse Enteritis und Kolitis;1293;4,949;5,0576;1;4;7;23;62;89;107;62;68;62;63;73;83;79;76;111;137;105;55;26;0,0008;0,0031;0,0054;0,0178;0,048;0,0688;0,0828;0,048;0,0526;0,048;0,0487;0,0565;0,0642;0,0611;0,0588;0,0858;0,106;0,0812;0,0425;0,0201
K55-K64;Sonstige Krankheiten des Darmes;11574;2,9223;3,0578;18;15;33;36;107;293;471;652;675;914;1338;1313;1120;956;792;920;873;591;328;129;0,0016;0,0013;0,0029;0,0031;0,0092;0,0253;0,0407;0,0563;0,0583;0,079;0,1156;0,1134;0,0968;0,0826;0,0684;0,0795;0,0754;0,0511;0,0283;0,0111
K65-K67;Krankheiten des Peritoneums;529;3,8866;4,3435;0;1;0;1;15;34;40;60;63;60;61;50;29;29;25;25;20;11;3;2;0,00;0,0019;0,00;0,0019;0,0284;0,0643;0,0756;0,1134;0,1191;0,1134;0,1153;0,0945;0,0548;0,0548;0,0473;0,0473;0,0378;0,0208;0,0057;0,0038
K70-K77;Krankheiten der Leber;496;7,2399;6,4059;0;1;0;0;2;7;6;12;15;23;26;49;57;61;61;81;49;27;14;5;0,00;0,002;0,00;0,00;0,004;0,0141;0,0121;0,0242;0,0302;0,0464;0,0524;0,0988;0,1149;0,123;0,123;0,1633;0,0988;0,0544;0,0282;0,0101
K80-K87;Krankheiten der Gallenblase, der Gallenwege und des Pankreas;2835;4,4998;3,7435;0;0;2;7;44;65;111;141;159;202;260;325;276;301;228;245;246;97;92;34;0,00;0,00;0,0007;0,0025;0,0155;0,0229;0,0392;0,0497;0,0561;0,0713;0,0917;0,1146;0,0974;0,1062;0,0804;0,0864;0,0868;0,0342;0,0325;0,012
K90-K93;Sonstige Krankheiten des Verdauungssystems;527;4,2657;4,2168;0;0;2;3;6;11;15;12;8;10;18;25;32;30;42;60;92;67;61;33;0,00;0,00;0,0038;0,0057;0,0114;0,0209;0,0285;0,0228;0,0152;0,019;0,0342;0,0474;0,0607;0,0569;0,0797;0,1139;0,1746;0,1271;0,1157;0,0626
L00-L08;Infektionen der Haut und der Unterhaut;3292;3,5522;4,0736;7;43;37;55;416;523;413;295;197;183;193;157;136;138;99;112;112;82;67;27;0,0021;0,0131;0,0112;0,0167;0,1264;0,1589;0,1255;0,0896;0,0598;0,0556;0,0586;0,0477;0,0413;0,0419;0,0301;0,034;0,034;0,0249;0,0204;0,0082
L10-L14;Bullöse Dermatosen;58;9,1724;3,9119;0;0;0;0;0;0;1;1;0;0;0;1;3;2;6;5;8;17;7;7;0,00;0,00;0,00;0,00;0,00;0,00;0,0172;0,0172;0,00;0,00;0,00;0,0172;0,0517;0,0345;0,1034;0,0862;0,1379;0,2931;0,1207;0,1207
L20-L30;Dermatitis und Ekzem;706;7,5142;4,2949;62;9;4;6;32;44;29;19;18;21;40;41;55;52;38;72;52;66;32;14;0,0878;0,0127;0,0057;0,0085;0,0453;0,0623;0,0411;0,0269;0,0255;0,0297;0,0567;0,0581;0,0779;0,0737;0,0538;0,102;0,0737;0,0935;0,0453;0,0198
L40-L45;Papulosquamöse Hautkrankheiten;401;9,4638;4,0975;0;0;0;2;9;13;15;23;20;30;32;47;46;45;50;24;30;7;6;2;0,00;0,00;0,00;0,005;0,0224;0,0324;0,0374;0,0574;0,0499;0,0748;0,0798;0,1172;0,1147;0,1122;0,1247;0,0599;0,0748;0,0175;0,015;0,005
L50-L54;Urtikaria und Erythem;202;3,3218;3,2934;1;8;8;11;14;18;14;19;8;8;17;18;11;10;10;9;11;3;3;1;0,005;0,0396;0,0396;0,0545;0,0693;0,0891;0,0693;0,0941;0,0396;0,0396;0,0842;0,0891;0,0545;0,0495;0,0495;0,0446;0,0545;0,0149;0,0149;0,005
L55-L59;Krankheiten der Haut und der Unterhaut durch Strahleneinwirkung;67;3,597;3,8615;0;0;0;0;0;1;2;0;0;0;2;2;2;6;5;10;17;13;6;1;0,00;0,00;0,00;0,00;0,00;0,0149;0,0299;0,00;0,00;0,00;0,0299;0,0299;0,0299;0,0896;0,0746;0,1493;0,2537;0,194;0,0896;0,0149
L60-L75;Krankheiten der Hautanhangsgebilde;474;2,3418;2,5554;2;2;1;6;21;30;37;37;36;45;47;46;37;26;24;33;25;9;8;2;0,0042;0,0042;0,0021;0,0127;0,0443;0,0633;0,0781;0,0781;0,0759;0,0949;0,0992;0,097;0,0781;0,0549;0,0506;0,0696;0,0527;0,019;0,0169;0,0042
L80-L99;Sonstige Krankheiten der Haut und der Unterhaut;705;8,9447;10,3954;4;1;0;7;13;18;11;19;15;29;56;43;57;48;51;74;86;75;68;30;0,0057;0,0014;0,00;0,0099;0,0184;0,0255;0,0156;0,027;0,0213;0,0411;0,0794;0,061;0,0809;0,0681;0,0723;0,105;0,122;0,1064;0,0965;0,0426
M00-M03;Infektiöse Arthropathien;192;10,3906;10,8192;0;3;1;2;1;8;7;1;5;8;24;18;18;20;18;19;19;9;9;2;0,00;0,0156;0,0052;0,0104;0,0052;0,0417;0,0365;0,0052;0,026;0,0417;0,125;0,0938;0,0938;0,1042;0,0938;0,099;0,099;0,0469;0,0469;0,0104
M05-M14;Entzündliche Polyarthropathien;855;4,9988;4,2984;0;0;2;0;3;14;14;14;31;27;58;91;109;100;98;102;101;51;32;8;0,00;0,00;0,0023;0,00;0,0035;0,0164;0,0164;0,0164;0,0363;0,0316;0,0678;0,1064;0,1275;0,117;0,1146;0,1193;0,1181;0,0596;0,0374;0,0094
M15-M19;Arthrose;22703;9,4596;4,7528;0;0;0;0;8;37;50;81;161;397;1067;1743;2490;3143;3066;4403;3907;1689;411;50;0,00;0,00;0,00;0,00;0,0004;0,0016;0,0022;0,0036;0,0071;0,0175;0,047;0,0768;0,1097;0,1384;0,135;0,1939;0,1721;0,0744;0,0181;0,0022
M20-M25;Sonstige Gelenkkrankheiten;19570;2,351;1,9138;0;6;11;161;624;901;888;744;796;1231;1914;2472;2393;2226;1640;1805;1204;389;135;30;0,00;0,0003;0,0006;0,0082;0,0319;0,046;0,0454;0,038;0,0407;0,0629;0,0978;0,1263;0,1223;0,1137;0,0838;0,0922;0,0615;0,0199;0,0069;0,0015
M30-M36;Systemkrankheiten des Bindegewebes;297;5,569;5,1039;0;0;0;0;1;2;0;3;8;12;18;13;32;43;31;43;50;27;11;3;0,00;0,00;0,00;0,00;0,0034;0,0067;0,00;0,0101;0,0269;0,0404;0,0606;0,0438;0,1077;0,1448;0,1044;0,1448;0,1684;0,0909;0,037;0,0101
M40-M43;Deformitäten der Wirbelsäule und des Rückens;1671;7,094;4,3031;1;0;0;0;1;7;13;30;56;95;149;179;217;201;128;235;209;110;34;6;0,0006;0,00;0,00;0,00;0,0006;0,0042;0,0078;0,018;0,0335;0,0569;0,0892;0,1071;0,1299;0,1203;0,0766;0,1406;0,1251;0,0658;0,0203;0,0036
M45-M49;Spondylopathien;5181;6,5744;4,4693;0;0;0;0;0;12;21;37;72;149;284;488;557;561;555;972;885;398;159;31;0,00;0,00;0,00;0,00;0,00;0,0023;0,0041;0,0071;0,0139;0,0288;0,0548;0,0942;0,1075;0,1083;0,1071;0,1876;0,1708;0,0768;0,0307;0,006
M50-M54;Sonstige Krankheiten der Wirbelsäule und des Rückens;14059;6,3262;3,5061;0;0;0;2;44;142;327;514;660;1055;1617;1893;1676;1427;1021;1310;1316;649;333;73;0,00;0,00;0,00;0,0001;0,0031;0,0101;0,0233;0,0366;0,0469;0,075;0,115;0,1346;0,1192;0,1015;0,0726;0,0932;0,0936;0,0462;0,0237;0,0052
M60-M63;Krankheiten der Muskeln;109;5,6881;6,4474;0;0;1;0;4;6;7;6;4;5;7;9;7;10;9;8;14;5;6;1;0,00;0,00;0,0092;0,00;0,0367;0,055;0,0642;0,055;0,0367;0,0459;0,0642;0,0826;0,0642;0,0917;0,0826;0,0734;0,1284;0,0459;0,055;0,0092
M65-M68;Krankheiten der Synovialis und der Sehnen;1287;2,1437;2,6037;0;4;2;14;58;68;66;49;63;82;159;139;140;112;87;102;78;43;17;4;0,00;0,0031;0,0016;0,0109;0,0451;0,0528;0,0513;0,0381;0,049;0,0637;0,1235;0,108;0,1088;0,087;0,0676;0,0793;0,0606;0,0334;0,0132;0,0031
M70-M79;Sonstige Krankheiten des Weichteilgewebes;11868;2,6938;1,9252;0;0;5;7;44;80;137;168;298;764;1469;2067;1905;1675;1090;1180;699;193;67;20;0,00;0,00;0,0004;0,0006;0,0037;0,0067;0,0115;0,0142;0,0251;0,0644;0,1238;0,1742;0,1605;0,1411;0,0918;0,0994;0,0589;0,0163;0,0056;0,0017
M80-M85;Veränderungen der Knochendichte und -struktur;780;6,5051;5,5816;0;0;3;3;23;29;20;13;19;27;38;51;48;50;64;108;113;92;55;24;0,00;0,00;0,0038;0,0038;0,0295;0,0372;0,0256;0,0167;0,0244;0,0346;0,0487;0,0654;0,0615;0,0641;0,0821;0,1385;0,1449;0,1179;0,0705;0,0308
M86-M90;Sonstige Osteopathien;592;7,4459;7,5172;0;1;1;8;14;9;9;9;15;24;35;65;76;64;56;84;65;29;16;12;0,00;0,0017;0,0017;0,0135;0,0236;0,0152;0,0152;0,0152;0,0253;0,0405;0,0591;0,1098;0,1284;0,1081;0,0946;0,1419;0,1098;0,049;0,027;0,0203
M91-M94;Chondropathien;1364;2,1899;1,664;0;0;4;25;72;75;75;86;86;132;164;177;122;113;79;76;61;10;6;1;0,00;0,00;0,0029;0,0183;0,0528;0,055;0,055;0,063;0,063;0,0968;0,1202;0,1298;0,0894;0,0828;0,0579;0,0557;0,0447;0,0073;0,0044;0,0007
M95-M99;Sonstige Krankheiten des Muskel-Skelett-Systems und des Bindegewebes;1045;3,4565;2,7874;0;0;1;1;101;155;140;117;92;94;92;81;52;34;13;36;24;8;4;0;0,00;0,00;0,001;0,001;0,0967;0,1483;0,134;0,112;0,088;0,09;0,088;0,0775;0,0498;0,0325;0,0124;0,0344;0,023;0,0077;0,0038;0,00
N00-N08;Glomeruläre Krankheiten;62;3,5645;3,9861;0;0;0;0;4;1;4;0;4;2;6;4;5;3;7;6;6;2;3;5;0,00;0,00;0,00;0,00;0,0645;0,0161;0,0645;0,00;0,0645;0,0323;0,0968;0,0645;0,0806;0,0484;0,1129;0,0968;0,0968;0,0323;0,0484;0,0806
N10-N16;Tubulointerstitielle Nierenkrankheiten;8450;3,1183;2,9668;11;10;14;22;232;282;285;278;294;379;582;691;729;744;632;852;1009;767;446;191;0,0013;0,0012;0,0017;0,0026;0,0275;0,0334;0,0337;0,0329;0,0348;0,0449;0,0689;0,0818;0,0863;0,088;0,0748;0,1008;0,1194;0,0908;0,0528;0,0226
N17-N19;Niereninsuffizienz;684;7,8436;5,8969;1;0;0;0;2;5;1;4;2;9;10;14;29;34;64;108;151;110;103;37;0,0015;0,00;0,00;0,00;0,0029;0,0073;0,0015;0,0058;0,0029;0,0132;0,0146;0,0205;0,0424;0,0497;0,0936;0,1579;0,2208;0,1608;0,1506;0,0541
N20-N23;Urolithiasis;9549;2,3418;2,1495;0;0;0;7;85;218;377;507;587;755;1127;1238;1102;1033;716;707;643;270;139;38;0,00;0,00;0,00;0,0007;0,0089;0,0228;0,0395;0,0531;0,0615;0,0791;0,118;0,1296;0,1154;0,1082;0,075;0,074;0,0673;0,0283;0,0146;0,004
N25-N29;Sonstige Krankheiten der Niere und des Ureters;191;3,3403;3,6584;1;0;0;1;3;0;1;5;10;9;12;18;18;27;26;28;18;9;4;1;0,0052;0,00;0,00;0,0052;0,0157;0,00;0,0052;0,0262;0,0524;0,0471;0,0628;0,0942;0,0942;0,1414;0,1361;0,1466;0,0942;0,0471;0,0209;0,0052
N30-N39;Sonstige Krankheiten des Harnsystems;10257;3,6511;3,0045;13;25;29;22;98;125;130;135;199;311;587;694;710;853;899;1466;1703;1160;796;302;0,0013;0,0024;0,0028;0,0021;0,0096;0,0122;0,0127;0,0132;0,0194;0,0303;0,0572;0,0677;0,0692;0,0832;0,0876;0,1429;0,166;0,1131;0,0776;0,0294
N40-N51;Krankheiten der männlichen Genitalorgane;12747;4,7162;3,333;31;60;91;160;167;206;161;149;170;266;421;707;1084;1496;1690;2204;2123;1023;429;109;0,0024;0,0047;0,0071;0,0126;0,0131;0,0162;0,0126;0,0117;0,0133;0,0209;0,033;0,0555;0,085;0,1174;0,1326;0,1729;0,1665;0,0803;0,0337;0,0086
N60-N64;Krankheiten der Mamma [Brustdrüse];1100;2,95;2,2882;1;0;0;11;75;98;85;83;90;120;135;126;85;64;39;37;31;10;7;3;0,0009;0,00;0,00;0,01;0,0682;0,0891;0,0773;0,0755;0,0818;0,1091;0,1227;0,1145;0,0773;0,0582;0,0355;0,0336;0,0282;0,0091;0,0064;0,0027
N70-N77;Entzündliche Krankheiten der weiblichen Beckenorgane;2105;3,3154;2,5587;0;1;0;4;99;205;301;339;285;233;206;155;75;53;31;31;47;21;9;10;0,00;0,0005;0,00;0,0019;0,047;0,0974;0,143;0,161;0,1354;0,1107;0,0979;0,0736;0,0356;0,0252;0,0147;0,0147;0,0223;0,01;0,0043;0,0048
N80-N98;Nichtentzündliche Krankheiten des weiblichen Genitaltraktes;13508;4,0582;2,9987;0;1;1;29;192;458;782;1029;1296;1664;1892;1382;826;887;771;966;835;345;107;45;0,00;0,0001;0,0001;0,0021;0,0142;0,0339;0,0579;0,0762;0,0959;0,1232;0,1401;0,1023;0,0611;0,0657;0,0571;0,0715;0,0618;0,0255;0,0079;0,0033
N99-N99;Sonstige Krankheiten des Urogenitalsystems;404;4,6906;2,873;0;2;0;0;4;1;7;8;11;5;22;24;28;48;50;71;65;35;19;4;0,00;0,005;0,00;0,00;0,0099;0,0025;0,0173;0,0198;0,0272;0,0124;0,0545;0,0594;0,0693;0,1188;0,1238;0,1757;0,1609;0,0866;0,047;0,0099
O00-O08;Schwangerschaft mit abortivem Ausgang;2413;1,823;1,674;0;0;0;1;82;264;510;730;576;221;25;4;0;0;0;0;0;0;0;0;0,00;0,00;0,00;0,0004;0,034;0,1094;0,2114;0,3025;0,2387;0,0916;0,0104;0,0017;0,00;0,00;0,00;0,00;0,00;0,00;0,00;0,00
O09-O09;Schwangerschaftsdauer;0;0,00;0,00;0;0;0;0;0;0;0;0;0;0;0;0;0;0;0;0;0;0;0;0;0,00;0,00;0,00;0,00;0,00;0,00;0,00;0,00;0,00;0,00;0,00;0,00;0,00;0,00;0,00;0,00;0,00;0,00;0,00;0,00
O10-O16;Ödeme, Proteinurie und Hypertonie während der Schwangerschaft, der Geburt und des Wochenbettes;1354;4,3663;3,593;0;0;0;0;19;179;361;484;238;69;4;0;0;0;0;0;0;0;0;0;0,00;0,00;0,00;0,00;0,014;0,1322;0,2666;0,3575;0,1758;0,051;0,003;0,00;0,00;0,00;0,00;0,00;0,00;0,00;0,00;0,00
O20-O29;Sonstige Krankheiten der Mutter, die vorwiegend mit der Schwangerschaft verbunden sind;5970;3,8848;3,781;0;0;0;2;285;1190;1898;1632;792;159;11;1;0;0;0;0;0;0;0;0;0,00;0,00;0,00;0,0003;0,0477;0,1993;0,3179;0,2734;0,1327;0,0266;0,0018;0,0002;0,00;0,00;0,00;0,00;0,00;0,00;0,00;0,00
O30-O48;Betreuung der Mutter im Hinblick auf den Feten und die Amnionhöhle sowie mögliche Entbindungskomplikationen;14265;4,3761;4,1837;0;0;0;0;324;1752;4008;4872;2764;530;14;1;0;0;0;0;0;0;0;0;0,00;0,00;0,00;0,00;0,0227;0,1228;0,281;0,3415;0,1938;0,0372;0,001;0,0001;0,00;0,00;0,00;0,00;0,00;0,00;0,00;0,00
O60-O75;Komplikationen bei Wehentätigkeit und Entbindung;25061;4,1855;2,4909;0;0;0;1;576;3067;7497;9015;4104;779;22;0;0;0;0;0;0;0;0;0;0,00;0,00;0,00;0,00;0,023;0,1224;0,2992;0,3597;0,1638;0,0311;0,0009;0,00;0,00;0,00;0,00;0,00;0,00;0,00;0,00;0,00
O80-O82;Entbindung;10626;3,5998;1,6268;2;0;0;1;243;1301;3235;3786;1753;292;12;1;0;0;0;0;0;0;0;0;0,0002;0,00;0,00;0,0001;0,0229;0,1224;0,3044;0,3563;0,165;0,0275;0,0011;0,0001;0,00;0,00;0,00;0,00;0,00;0,00;0,00;0,00
O85-O92;Komplikationen, die vorwiegend im Wochenbett auftreten;514;3,5233;2,2789;0;0;0;0;9;71;135;190;87;20;2;0;0;0;0;0;0;0;0;0;0,00;0,00;0,00;0,00;0,0175;0,1381;0,2626;0,3696;0,1693;0,0389;0,0039;0,00;0,00;0,00;0,00;0,00;0,00;0,00;0,00;0,00
O94-O99;Sonstige Krankheitszustände während der Gestationsperiode, die anderenorts nicht klassifiziert sind;1582;2,9223;2,2942;0;0;0;0;84;299;514;416;222;44;3;0;0;0;0;0;0;0;0;0;0,00;0,00;0,00;0,00;0,0531;0,189;0,3249;0,263;0,1403;0,0278;0,0019;0,00;0,00;0,00;0,00;0,00;0,00;0,00;0,00;0,00
P00-P04;Schädigung des Feten und Neugeborenen durch mütterliche Faktoren und durch Komplikationen bei Schwangerschaft, Wehentätigkeit und Entbindung;121;3,3223;1,8494;121;0;0;0;0;0;0;0;0;0;0;0;0;0;0;0;0;0;0;0;1,00;0,00;0,00;0,00;0,00;0,00;0,00;0,00;0,00;0,00;0,00;0,00;0,00;0,00;0,00;0,00;0,00;0,00;0,00;0,00
P05-P08;Störungen im Zusammenhang mit der Schwangerschaftsdauer und dem fetalen Wachstum;1945;3,9753;1,8849;1945;0;0;0;0;0;0;0;0;0;0;0;0;0;0;0;0;0;0;0;1,00;0,00;0,00;0,00;0,00;0,00;0,00;0,00;0,00;0,00;0,00;0,00;0,00;0,00;0,00;0,00;0,00;0,00;0,00;0,00
P10-P15;Geburtstrauma;178;3,6517;1,3114;178;0;0;0;0;0;0;0;0;0;0;0;0;0;0;0;0;0;0;0;1,00;0,00;0,00;0,00;0,00;0,00;0,00;0,00;0,00;0,00;0,00;0,00;0,00;0,00;0,00;0,00;0,00;0,00;0,00;0,00
P20-P29;Krankheiten des Atmungs- und Herz-Kreislaufsystems, die für die Perinatalperiode spezifisch sind;920;2,637;1,9146;920;0;0;0;0;0;0;0;0;0;0;0;0;0;0;0;0;0;0;0;1,00;0,00;0,00;0,00;0,00;0,00;0,00;0,00;0,00;0,00;0,00;0,00;0,00;0,00;0,00;0,00;0,00;0,00;0,00;0,00
P35-P39;Infektionen, die für die Perinatalperiode spezifisch sind;594;3,0185;1,8858;594;0;0;0;0;0;0;0;0;0;0;0;0;0;0;0;0;0;0;0;1,00;0,00;0,00;0,00;0,00;0,00;0,00;0,00;0,00;0,00;0,00;0,00;0,00;0,00;0,00;0,00;0,00;0,00;0,00;0,00
P50-P61;Hämorrhagische und hämatologische Krankheiten beim Feten und Neugeborenen;1357;5,0015;1,6797;1357;0;0;0;0;0;0;0;0;0;0;0;0;0;0;0;0;0;0;0;1,00;0,00;0,00;0,00;0,00;0,00;0,00;0,00;0,00;0,00;0,00;0,00;0,00;0,00;0,00;0,00;0,00;0,00;0,00;0,00
P70-P74;Transitorische endokrine und Stoffwechselstörungen, die für den Feten und das Neugeborene spezifisch sind;259;3,3205;1,7437;259;0;0;0;0;0;0;0;0;0;0;0;0;0;0;0;0;0;0;0;1,00;0,00;0,00;0,00;0,00;0,00;0,00;0,00;0,00;0,00;0,00;0,00;0,00;0,00;0,00;0,00;0,00;0,00;0,00;0,00
P75-P78;Krankheiten des Verdauungssystems beim Feten und Neugeborenen;34;4,0294;2,096;34;0;0;0;0;0;0;0;0;0;0;0;0;0;0;0;0;0;0;0;1,00;0,00;0,00;0,00;0,00;0,00;0,00;0,00;0,00;0,00;0,00;0,00;0,00;0,00;0,00;0,00;0,00;0,00;0,00;0,00
P80-P83;Krankheitszustände mit Beteiligung der Haut und der Temperaturregulation beim Feten und Neugeborenen;185;3,9135;1,5083;184;1;0;0;0;0;0;0;0;0;0;0;0;0;0;0;0;0;0;0;0,9946;0,0054;0,00;0,00;0,00;0,00;0,00;0,00;0,00;0,00;0,00;0,00;0,00;0,00;0,00;0,00;0,00;0,00;0,00;0,00
P90-P96;Sonstige Störungen, die ihren Ursprung in der Perinatalperiode haben;583;3,9383;1,7847;583;0;0;0;0;0;0;0;0;0;0;0;0;0;0;0;0;0;0;0;1,00;0,00;0,00;0,00;0,00;0,00;0,00;0,00;0,00;0,00;0,00;0,00;0,00;0,00;0,00;0,00;0,00;0,00;0,00;0,00
Q00-Q07;Angeborene Fehlbildungen des Nervensystems;5;2,80;1,4832;4;0;0;0;0;1;0;0;0;0;0;0;0;0;0;0;0;0;0;0;0,80;0,00;0,00;0,00;0,00;0,20;0,00;0,00;0,00;0,00;0,00;0,00;0,00;0,00;0,00;0,00;0,00;0,00;0,00;0,00
Q10-Q18;Angeborene Fehlbildungen des Auges, des Ohres, des Gesichtes und des Halses;909;2,1518;1,3419;16;26;213;146;83;67;58;38;35;36;49;44;31;26;13;11;9;6;2;0;0,0176;0,0286;0,2343;0,1606;0,0913;0,0737;0,0638;0,0418;0,0385;0,0396;0,0539;0,0484;0,0341;0,0286;0,0143;0,0121;0,0099;0,0066;0,0022;0,00
Q20-Q28;Angeborene Fehlbildungen des Kreislaufsystems;226;4,1239;4,3372;106;0;5;10;15;15;16;4;5;12;12;6;6;1;7;4;1;1;0;0;0,469;0,00;0,0221;0,0442;0,0664;0,0664;0,0708;0,0177;0,0221;0,0531;0,0531;0,0265;0,0265;0,0044;0,031;0,0177;0,0044;0,0044;0,00;0,00
Q30-Q34;Angeborene Fehlbildungen des Atmungssystems;76;3,0263;1,1885;1;1;2;1;8;12;14;6;10;3;2;5;3;2;0;1;1;1;2;1;0,0132;0,0132;0,0263;0,0132;0,1053;0,1579;0,1842;0,0789;0,1316;0,0395;0,0263;0,0658;0,0395;0,0263;0,00;0,0132;0,0132;0,0132;0,0263;0,0132
Q35-Q37;Lippen-, Kiefer- und Gaumenspalte;126;3,3175;2,1228;61;9;11;15;13;6;1;2;2;1;0;0;2;3;0;0;0;0;0;0;0,4841;0,0714;0,0873;0,119;0,1032;0,0476;0,0079;0,0159;0,0159;0,0079;0,00;0,00;0,0159;0,0238;0,00;0,00;0,00;0,00;0,00;0,00
Q38-Q45;Sonstige angeborene Fehlbildungen des Verdauungssystems;134;3,5522;2,5856;94;3;7;2;0;2;2;2;2;3;5;0;1;1;1;3;4;2;0;0;0,7015;0,0224;0,0522;0,0149;0,00;0,0149;0,0149;0,0149;0,0149;0,0224;0,0373;0,00;0,0075;0,0075;0,0075;0,0224;0,0299;0,0149;0,00;0,00
Q50-Q56;Angeborene Fehlbildungen der Genitalorgane;516;2,093;1,7234;64;130;82;34;24;22;32;27;17;21;18;15;6;8;5;3;6;1;1;0;0,124;0,2519;0,1589;0,0659;0,0465;0,0426;0,062;0,0523;0,0329;0,0407;0,0349;0,0291;0,0116;0,0155;0,0097;0,0058;0,0116;0,0019;0,0019;0,00
Q60-Q64;Angeborene Fehlbildungen des Harnsystems;220;3,8818;3,0242;30;29;39;12;11;9;7;9;3;6;14;12;9;4;2;5;6;5;5;3;0,1364;0,1318;0,1773;0,0545;0,05;0,0409;0,0318;0,0409;0,0136;0,0273;0,0636;0,0545;0,0409;0,0182;0,0091;0,0227;0,0273;0,0227;0,0227;0,0136
Q65-Q79;Angeborene Fehlbildungen und Deformitäten des Muskel-Skelett-Systems;785;3,5554;2,3706;209;11;13;74;111;70;78;43;36;28;19;28;16;12;10;14;8;5;0;0;0,2662;0,014;0,0166;0,0943;0,1414;0,0892;0,0994;0,0548;0,0459;0,0357;0,0242;0,0357;0,0204;0,0153;0,0127;0,0178;0,0102;0,0064;0,00;0,00
Q80-Q89;Sonstige angeborene Fehlbildungen;210;3,1333;2,4004;36;0;0;1;30;43;18;16;10;8;11;11;9;3;2;5;5;2;0;0;0,1714;0,00;0,00;0,0048;0,1429;0,2048;0,0857;0,0762;0,0476;0,0381;0,0524;0,0524;0,0429;0,0143;0,0095;0,0238;0,0238;0,0095;0,00;0,00
Q90-Q99;Chromosomenanomalien, anderenorts nicht klassifiziert;20;3,55;2,0894;15;1;1;0;0;0;0;1;1;0;1;0;0;0;0;0;0;0;0;0;0,75;0,05;0,05;0,00;0,00;0,00;0,00;0,05;0,05;0,00;0,05;0,00;0,00;0,00;0,00;0,00;0,00;0,00;0,00;0,00
R00-R09;Symptome, die das Kreislaufsystem und das Atmungssystem betreffen;4379;2,1996;2,2872;22;12;25;40;94;146;138;146;166;202;350;347;394;379;368;459;459;336;212;84;0,005;0,0027;0,0057;0,0091;0,0215;0,0333;0,0315;0,0333;0,0379;0,0461;0,0799;0,0792;0,09;0,0865;0,084;0,1048;0,1048;0,0767;0,0484;0,0192
R10-R19;Symptome, die das Verdauungssystem und das Abdomen betreffen;2915;2,4593;2,4675;20;17;51;122;195;243;214;193;142;137;150;167;161;180;154;225;245;163;93;43;0,0069;0,0058;0,0175;0,0419;0,0669;0,0834;0,0734;0,0662;0,0487;0,047;0,0515;0,0573;0,0552;0,0617;0,0528;0,0772;0,084;0,0559;0,0319;0,0148
R20-R23;Symptome, die die Haut und das Unterhautgewebe betreffen;78;3,7308;3,6775;1;1;1;0;4;3;3;7;2;2;7;5;4;9;4;2;8;4;9;2;0,0128;0,0128;0,0128;0,00;0,0513;0,0385;0,0385;0,0897;0,0256;0,0256;0,0897;0,0641;0,0513;0,1154;0,0513;0,0256;0,1026;0,0513;0,1154;0,0256
R25-R29;Symptome, die das Nervensystem und das Muskel-Skelett-System betreffen;66;5,9242;5,6767;5;1;0;0;0;0;2;2;0;1;2;2;3;1;2;5;12;13;10;5;0,0758;0,0152;0,00;0,00;0,00;0,00;0,0303;0,0303;0,00;0,0152;0,0303;0,0303;0,0455;0,0152;0,0303;0,0758;0,1818;0,197;0,1515;0,0758
R30-R39;Symptome, die das Harnsystem betreffen;2996;3,4443;3,0105;0;4;2;2;7;11;9;13;9;39;61;68;103;168;250;433;604;512;471;230;0,00;0,0013;0,0007;0,0007;0,0023;0,0037;0,003;0,0043;0,003;0,013;0,0204;0,0227;0,0344;0,0561;0,0834;0,1445;0,2016;0,1709;0,1572;0,0768
R40-R46;Symptome, die das Erkennungs- und Wahrnehmungsvermögen, die Stimmung und das Verhalten betreffen;682;3,7287;2,8514;0;4;2;0;23;18;30;19;20;25;39;61;44;57;53;65;80;67;49;26;0,00;0,0059;0,0029;0,00;0,0337;0,0264;0,044;0,0279;0,0293;0,0367;0,0572;0,0894;0,0645;0,0836;0,0777;0,0953;0,1173;0,0982;0,0718;0,0381
R47-R49;Symptome, die die Sprache und die Stimme betreffen;26;2,1154;2,4548;0;0;0;0;0;0;1;0;0;1;2;2;3;2;4;4;4;0;2;1;0,00;0,00;0,00;0,00;0,00;0,00;0,0385;0,00;0,00;0,0385;0,0769;0,0769;0,1154;0,0769;0,1538;0,1538;0,1538;0,00;0,0769;0,0385
R50-R69;Allgemeinsymptome;2476;3,641;3,2506;10;19;11;39;87;82;77;61;63;74;131;126;170;172;168;284;343;262;196;101;0,004;0,0077;0,0044;0,0158;0,0351;0,0331;0,0311;0,0246;0,0254;0,0299;0,0529;0,0509;0,0687;0,0695;0,0679;0,1147;0,1385;0,1058;0,0792;0,0408
R70-R79;Abnorme Blutuntersuchungsbefunde ohne Vorliegen einer Diagnose;153;1,9346;2,4833;3;0;1;1;1;2;2;5;3;5;11;12;17;23;19;20;19;5;3;1;0,0196;0,00;0,0065;0,0065;0,0065;0,0131;0,0131;0,0327;0,0196;0,0327;0,0719;0,0784;0,1111;0,1503;0,1242;0,1307;0,1242;0,0327;0,0196;0,0065
R80-R82;Abnorme Urinuntersuchungsbefunde ohne Vorliegen einer Diagnose;10;1,20;0,6325;0;0;0;0;0;0;0;0;1;0;2;2;1;1;1;1;1;0;0;0;0,00;0,00;0,00;0,00;0,00;0,00;0,00;0,00;0,10;0,00;0,20;0,20;0,10;0,10;0,10;0,10;0,10;0,00;0,00;0,00
R83-R89;Abnorme Befunde ohne Vorliegen einer Diagnose bei der Untersuchung anderer Körperflüssigkeiten, Substanzen und Gewebe;78;2,3462;1,8504;0;0;0;0;0;3;8;9;7;14;15;2;2;2;4;4;6;1;1;0;0,00;0,00;0,00;0,00;0,00;0,0385;0,1026;0,1154;0,0897;0,1795;0,1923;0,0256;0,0256;0,0256;0,0513;0,0513;0,0769;0,0128;0,0128;0,00
R90-R94;Abnorme Befunde ohne Vorliegen einer Diagnose bei bildgebender Diagnostik und Funktionsprüfungen;145;1,9655;2,5178;1;0;0;0;0;1;0;2;6;5;14;22;21;13;13;15;19;7;4;2;0,0069;0,00;0,00;0,00;0,00;0,0069;0,00;0,0138;0,0414;0,0345;0,0966;0,1517;0,1448;0,0897;0,0897;0,1034;0,131;0,0483;0,0276;0,0138
R95-R99;Ungenau bezeichnete und unbekannte Todesursachen;0;0,00;0,00;0;0;0;0;0;0;0;0;0;0;0;0;0;0;0;0;0;0;0;0;0,00;0,00;0,00;0,00;0,00;0,00;0,00;0,00;0,00;0,00;0,00;0,00;0,00;0,00;0,00;0,00;0,00;0,00;0,00;0,00
S00-S09;Verletzungen des Kopfes;2664;2,351;2,5863;56;137;115;174;277;270;193;117;102;92;121;112;106;97;99;142;139;120;110;85;0,021;0,0514;0,0432;0,0653;0,104;0,1014;0,0724;0,0439;0,0383;0,0345;0,0454;0,042;0,0398;0,0364;0,0372;0,0533;0,0522;0,045;0,0413;0,0319
S10-S19;Verletzungen des Halses;72;2,5278;3,1353;0;0;1;6;6;8;4;3;2;7;4;7;2;5;2;1;6;4;2;2;0,00;0,00;0,0139;0,0833;0,0833;0,1111;0,0556;0,0417;0,0278;0,0972;0,0556;0,0972;0,0278;0,0694;0,0278;0,0139;0,0833;0,0556;0,0278;0,0278
S20-S29;Verletzungen des Thorax;519;5,3025;4,7219;0;2;3;9;14;12;7;9;9;14;17;21;32;29;38;65;72;60;70;36;0,00;0,0039;0,0058;0,0173;0,027;0,0231;0,0135;0,0173;0,0173;0,027;0,0328;0,0405;0,0617;0,0559;0,0732;0,1252;0,1387;0,1156;0,1349;0,0694
S30-S39;Verletzungen des Abdomens, der Lumbosakralgegend, der Lendenwirbelsäule und des Beckens;992;6,5867;5,9183;0;5;19;29;32;18;25;21;15;18;30;29;37;58;52;121;150;123;130;80;0,00;0,005;0,0192;0,0292;0,0323;0,0181;0,0252;0,0212;0,0151;0,0181;0,0302;0,0292;0,0373;0,0585;0,0524;0,122;0,1512;0,124;0,131;0,0806
S40-S49;Verletzungen der Schulter und des Oberarmes;1818;3,4191;3,6698;2;22;40;31;92;115;111;76;76;104;143;146;159;138;115;142;109;82;79;36;0,0011;0,0121;0,022;0,0171;0,0506;0,0633;0,0611;0,0418;0,0418;0,0572;0,0787;0,0803;0,0875;0,0759;0,0633;0,0781;0,06;0,0451;0,0435;0,0198
S50-S59;Verletzungen des Ellenbogens und des Unterarmes;1304;2,8014;2,5429;0;12;84;74;25;18;25;29;26;29;53;90;115;92;124;167;149;116;46;30;0,00;0,0092;0,0644;0,0567;0,0192;0,0138;0,0192;0,0222;0,0199;0,0222;0,0406;0,069;0,0882;0,0706;0,0951;0,1281;0,1143;0,089;0,0353;0,023
S60-S69;Verletzungen des Handgelenkes und der Hand;417;1,9185;1,6329;0;7;6;13;33;40;30;27;14;37;31;41;30;23;17;31;17;12;6;2;0,00;0,0168;0,0144;0,0312;0,0791;0,0959;0,0719;0,0647;0,0336;0,0887;0,0743;0,0983;0,0719;0,0552;0,0408;0,0743;0,0408;0,0288;0,0144;0,0048
S70-S79;Verletzungen der Hüfte und des Oberschenkels;944;8,7775;7,7918;0;4;9;10;16;14;9;6;10;14;28;36;52;42;65;103;157;144;129;96;0,00;0,0042;0,0095;0,0106;0,0169;0,0148;0,0095;0,0064;0,0106;0,0148;0,0297;0,0381;0,0551;0,0445;0,0689;0,1091;0,1663;0,1525;0,1367;0,1017
S80-S89;Verletzungen des Knies und des Unterschenkels;6437;3,1926;2,7709;0;5;17;108;616;971;776;576;430;545;615;467;319;229;194;206;179;106;55;23;0,00;0,0008;0,0026;0,0168;0,0957;0,1508;0,1206;0,0895;0,0668;0,0847;0,0955;0,0725;0,0496;0,0356;0,0301;0,032;0,0278;0,0165;0,0085;0,0036
S90-S99;Verletzungen der Knöchelregion und des Fußes;556;2,982;3,1221;1;3;6;18;38;51;32;32;38;38;46;55;48;37;27;37;34;9;5;1;0,0018;0,0054;0,0108;0,0324;0,0683;0,0917;0,0576;0,0576;0,0683;0,0683;0,0827;0,0989;0,0863;0,0665;0,0486;0,0665;0,0612;0,0162;0,009;0,0018
T00-T07;Verletzungen mit Beteiligung mehrerer Körperregionen;7;3,7143;2,3604;0;0;1;0;0;0;0;0;0;0;1;0;1;0;0;2;0;0;1;1;0,00;0,00;0,1429;0,00;0,00;0,00;0,00;0,00;0,00;0,00;0,1429;0,00;0,1429;0,00;0,00;0,2857;0,00;0,00;0,1429;0,1429
T08-T14;Verletzungen nicht näher bezeichneter Teile des Rumpfes, der Extremitäten oder anderer Körperregionen;84;3,3095;3,4917;0;1;1;1;5;1;2;6;4;4;6;7;4;11;4;13;8;3;0;3;0,00;0,0119;0,0119;0,0119;0,0595;0,0119;0,0238;0,0714;0,0476;0,0476;0,0714;0,0833;0,0476;0,131;0,0476;0,1548;0,0952;0,0357;0,00;0,0357
T15-T19;Folgen des Eindringens eines Fremdkörpers durch eine natürliche Körperöffnung;164;2,2866;4,0042;1;18;8;3;5;3;2;9;6;11;12;5;7;14;8;18;9;11;10;4;0,0061;0,1098;0,0488;0,0183;0,0305;0,0183;0,0122;0,0549;0,0366;0,0671;0,0732;0,0305;0,0427;0,0854;0,0488;0,1098;0,0549;0,0671;0,061;0,0244
T20-T25;Verbrennungen oder Verätzungen der äußeren Körperoberfläche, Lokalisation bezeichnet;41;4,561;5,1578;1;10;1;0;2;4;3;1;1;2;1;1;3;1;2;5;0;2;1;0;0,0244;0,2439;0,0244;0,00;0,0488;0,0976;0,0732;0,0244;0,0244;0,0488;0,0244;0,0244;0,0732;0,0244;0,0488;0,122;0,00;0,0488;0,0244;0,00
T26-T28;Verbrennungen oder Verätzungen, die auf das Auge und auf innere Organe begrenzt sind;16;4,0625;2,9319;0;0;1;0;0;1;0;1;3;2;2;1;0;1;0;1;0;2;1;0;0,00;0,00;0,0625;0,00;0,00;0,0625;0,00;0,0625;0,1875;0,125;0,125;0,0625;0,00;0,0625;0,00;0,0625;0,00;0,125;0,0625;0,00
T29-T32;Verbrennungen oder Verätzungen mehrerer und nicht näher bezeichneter Körperregionen;2;5,50;0,7071;0;0;1;0;0;0;0;0;0;0;1;0;0;0;0;0;0;0;0;0;0,00;0,00;0,50;0,00;0,00;0,00;0,00;0,00;0,00;0,00;0,50;0,00;0,00;0,00;0,00;0,00;0,00;0,00;0,00;0,00
T33-T35;Erfrierungen;2;3,50;3,5355;0;0;0;0;0;0;0;0;0;0;0;0;0;1;0;1;0;0;0;0;0,00;0,00;0,00;0,00;0,00;0,00;0,00;0,00;0,00;0,00;0,00;0,00;0,00;0,50;0,00;0,50;0,00;0,00;0,00;0,00
T36-T50;Vergiftungen durch Arzneimittel, Drogen und biologisch aktive Substanzen;44;4,0682;5,9078;0;4;0;0;4;2;2;1;0;3;3;1;3;2;4;2;3;5;4;1;0,00;0,0909;0,00;0,00;0,0909;0,0455;0,0455;0,0227;0,00;0,0682;0,0682;0,0227;0,0682;0,0455;0,0909;0,0455;0,0682;0,1136;0,0909;0,0227
T51-T65;Toxische Wirkungen von vorwiegend nicht medizinisch verwendeten Substanzen;59;1,2203;0,5274;0;6;3;1;5;8;5;2;0;1;6;8;3;2;0;1;4;2;2;0;0,00;0,1017;0,0508;0,0169;0,0847;0,1356;0,0847;0,0339;0,00;0,0169;0,1017;0,1356;0,0508;0,0339;0,00;0,0169;0,0678;0,0339;0,0339;0,00
T66-T78;Sonstige und nicht näher bezeichnete Schäden durch äußere Ursachen;292;1,9247;2,1589;2;5;12;13;23;17;21;17;21;16;15;29;21;14;12;23;19;8;2;2;0,0068;0,0171;0,0411;0,0445;0,0788;0,0582;0,0719;0,0582;0,0719;0,0548;0,0514;0,0993;0,0719;0,0479;0,0411;0,0788;0,0651;0,0274;0,0068;0,0068
T79-T79;Bestimmte Frühkomplikationen eines Traumas;77;5,5714;5,9059;0;0;0;1;2;5;4;1;2;3;8;8;4;5;6;9;4;8;3;4;0,00;0,00;0,00;0,013;0,026;0,0649;0,0519;0,013;0,026;0,039;0,1039;0,1039;0,0519;0,0649;0,0779;0,1169;0,0519;0,1039;0,039;0,0519
T80-T88;Komplikationen bei chirurgischen Eingriffen und medizinischer Behandlung, anderenorts nicht klassifiziert;6994;5,9258;7,8327;0;113;115;87;319;417;312;272;228;261;359;433;466;504;534;841;865;516;263;89;0,00;0,0162;0,0164;0,0124;0,0456;0,0596;0,0446;0,0389;0,0326;0,0373;0,0513;0,0619;0,0666;0,0721;0,0764;0,1202;0,1237;0,0738;0,0376;0,0127
T89-T89;Sonstige Komplikationen eines Traumas, anderenorts nicht klassifiziert;17;6,9412;5,8145;0;0;0;0;0;0;0;1;0;2;1;3;1;2;0;2;2;2;1;0;0,00;0,00;0,00;0,00;0,00;0,00;0,00;0,0588;0,00;0,1176;0,0588;0,1765;0,0588;0,1176;0,00;0,1176;0,1176;0,1176;0,0588;0,00
T90-T98;Folgen von Verletzungen, Vergiftungen und sonstigen Auswirkungen äußerer Ursachen;0;0,00;0,00;0;0;0;0;0;0;0;0;0;0;0;0;0;0;0;0;0;0;0;0;0,00;0,00;0,00;0,00;0,00;0,00;0,00;0,00;0,00;0,00;0,00;0,00;0,00;0,00;0,00;0,00;0,00;0,00;0,00;0,00
U00-U49;Vorläufige Zuordnungen für Krankheiten mit unklarer Ätiologie und nicht belegte Schlüsselnummern;0;0,00;0,00;0;0;0;0;0;0;0;0;0;0;0;0;0;0;0;0;0;0;0;0;0,00;0,00;0,00;0,00;0,00;0,00;0,00;0,00;0,00;0,00;0,00;0,00;0,00;0,00;0,00;0,00;0,00;0,00;0,00;0,00
U50-U52;Funktionseinschränkung;0;0,00;0,00;0;0;0;0;0;0;0;0;0;0;0;0;0;0;0;0;0;0;0;0;0,00;0,00;0,00;0,00;0,00;0,00;0,00;0,00;0,00;0,00;0,00;0,00;0,00;0,00;0,00;0,00;0,00;0,00;0,00;0,00
U55-U55;Erfolgte Registrierung zur Organtransplantation;0;0,00;0,00;0;0;0;0;0;0;0;0;0;0;0;0;0;0;0;0;0;0;0;0;0,00;0,00;0,00;0,00;0,00;0,00;0,00;0,00;0,00;0,00;0,00;0,00;0,00;0,00;0,00;0,00;0,00;0,00;0,00;0,00
U60-U61;Stadieneinteilung der HIV-Infektion;0;0,00;0,00;0;0;0;0;0;0;0;0;0;0;0;0;0;0;0;0;0;0;0;0;0,00;0,00;0,00;0,00;0,00;0,00;0,00;0,00;0,00;0,00;0,00;0,00;0,00;0,00;0,00;0,00;0,00;0,00;0,00;0,00
U69-U69;Sonstige sekundäre Schlüsselnummern für besondere Zwecke;0;0,00;0,00;0;0;0;0;0;0;0;0;0;0;0;0;0;0;0;0;0;0;0;0;0,00;0,00;0,00;0,00;0,00;0,00;0,00;0,00;0,00;0,00;0,00;0,00;0,00;0,00;0,00;0,00;0,00;0,00;0,00;0,00
U80-U85;Infektionserreger mit Resistenzen gegen bestimmte Antibiotika oder Chemotherapeutika;0;0,00;0,00;0;0;0;0;0;0;0;0;0;0;0;0;0;0;0;0;0;0;0;0;0,00;0,00;0,00;0,00;0,00;0,00;0,00;0,00;0,00;0,00;0,00;0,00;0,00;0,00;0,00;0,00;0,00;0,00;0,00;0,00
U99-U99;Nicht belegte Schlüsselnummern;0;0,00;0,00;0;0;0;0;0;0;0;0;0;0;0;0;0;0;0;0;0;0;0;0;0,00;0,00;0,00;0,00;0,00;0,00;0,00;0,00;0,00;0,00;0,00;0,00;0,00;0,00;0,00;0,00;0,00;0,00;0,00;0,00
V01-X59;Unfälle;0;0,00;0,00;0;0;0;0;0;0;0;0;0;0;0;0;0;0;0;0;0;0;0;0;0,00;0,00;0,00;0,00;0,00;0,00;0,00;0,00;0,00;0,00;0,00;0,00;0,00;0,00;0,00;0,00;0,00;0,00;0,00;0,00
X60-X84;Vorsätzliche Selbstbeschädigung;0;0,00;0,00;0;0;0;0;0;0;0;0;0;0;0;0;0;0;0;0;0;0;0;0;0,00;0,00;0,00;0,00;0,00;0,00;0,00;0,00;0,00;0,00;0,00;0,00;0,00;0,00;0,00;0,00;0,00;0,00;0,00;0,00
X85-Y09;Tätlicher Angriff;0;0,00;0,00;0;0;0;0;0;0;0;0;0;0;0;0;0;0;0;0;0;0;0;0;0,00;0,00;0,00;0,00;0,00;0,00;0,00;0,00;0,00;0,00;0,00;0,00;0,00;0,00;0,00;0,00;0,00;0,00;0,00;0,00
Y10-Y34;Ereignis, dessen nähere Umstände unbestimmt sind;0;0,00;0,00;0;0;0;0;0;0;0;0;0;0;0;0;0;0;0;0;0;0;0;0;0,00;0,00;0,00;0,00;0,00;0,00;0,00;0,00;0,00;0,00;0,00;0,00;0,00;0,00;0,00;0,00;0,00;0,00;0,00;0,00
Y35-Y36;Gesetzliche Maßnahmen und Kriegshandlungen;0;0,00;0,00;0;0;0;0;0;0;0;0;0;0;0;0;0;0;0;0;0;0;0;0;0,00;0,00;0,00;0,00;0,00;0,00;0,00;0,00;0,00;0,00;0,00;0,00;0,00;0,00;0,00;0,00;0,00;0,00;0,00;0,00
Y40-Y84;Komplikationen bei der medizinischen und chirurgischen Behandlung;0;0,00;0,00;0;0;0;0;0;0;0;0;0;0;0;0;0;0;0;0;0;0;0;0;0,00;0,00;0,00;0,00;0,00;0,00;0,00;0,00;0,00;0,00;0,00;0,00;0,00;0,00;0,00;0,00;0,00;0,00;0,00;0,00
Z00-Z13;Personen, die das Gesundheitswesen zur Untersuchung und Abklärung in Anspruch nehmen;792;2,0821;1,4589;25;10;4;5;14;30;36;25;46;33;54;67;63;66;70;78;83;54;22;7;0,0316;0,0126;0,0051;0,0063;0,0177;0,0379;0,0455;0,0316;0,0581;0,0417;0,0682;0,0846;0,0795;0,0833;0,0884;0,0985;0,1048;0,0682;0,0278;0,0088
Z20-Z29;Personen mit potentiellen Gesundheitsrisiken hinsichtlich übertragbarer Krankheiten;27;4,0741;1,4917;24;0;0;0;0;0;0;0;1;1;0;0;0;0;0;1;0;0;0;0;0,8889;0,00;0,00;0,00;0,00;0,00;0,00;0,00;0,037;0,037;0,00;0,00;0,00;0,00;0,00;0,037;0,00;0,00;0,00;0,00
Z30-Z39;Personen, die das Gesundheitswesen im Zusammenhang mit Problemen der Reproduktion in Anspruch nehmen;39405;3,6873;1,4396;39326;0;0;0;1;5;28;25;14;1;4;1;0;0;0;0;0;0;0;0;0,998;0,00;0,00;0,00;0,00;0,0001;0,0007;0,0006;0,0004;0,00;0,0001;0,00;0,00;0,00;0,00;0,00;0,00;0,00;0,00;0,00
Z40-Z54;Personen, die das Gesundheitswesen zum Zwecke spezifischer Maßnahmen und zur medizinischen Betreuung in Anspruch nehmen;929;2,6394;2,3813;3;3;3;11;14;23;14;16;31;49;56;71;67;74;70;113;124;93;67;27;0,0032;0,0032;0,0032;0,0118;0,0151;0,0248;0,0151;0,0172;0,0334;0,0527;0,0603;0,0764;0,0721;0,0797;0,0753;0,1216;0,1335;0,1001;0,0721;0,0291
Z55-Z65;Personen mit potentiellen Gesundheitsrisiken aufgrund sozioökonomischer oder psychosozialer Umstände;-999;-999,00;-999,00;-999;-999;-999;-999;-999;-999;-999;-999;-999;-999;-999;-999;-999;-999;-999;-999;-999;-999;-999;-999;-9,99;-9,99;-9,99;-9,99;-9,99;-9,99;-9,99;-9,99;-9,99;-9,99;-9,99;-9,99;-9,99;-9,99;-9,99;-9,99;-9,99;-9,99;-9,99;-9,99
Z70-Z76;Personen, die das Gesundheitswesen aus sonstigen Gründen in Anspruch nehmen;42;3,0476;2,3264;41;0;0;0;0;0;0;0;0;0;0;0;0;0;0;1;0;0;0;0;0,9762;0,00;0,00;0,00;0,00;0,00;0,00;0,00;0,00;0,00;0,00;0,00;0,00;0,00;0,00;0,0238;0,00;0,00;0,00;0,00
Z80-Z99;Personen mit potentiellen Gesundheitsrisiken aufgrund der Familien- oder Eigenanamnese und bestimmte Zustände, die den Gesundheitszustand beeinflussen;32;3,3438;1,3821;24;0;0;0;0;0;1;2;1;0;0;2;2;0;0;0;0;0;0;0;0,75;0,00;0,00;0,00;0,00;0,00;0,0313;0,0625;0,0313;0,00;0,00;0,0625;0,0625;0,00;0,00;0,00;0,00;0,00;0,00;0,00
