gruppebereich;gruppename;Anzahl HA;VwdMw;stdVwd;unter 1 Jahr;1 bis unter 5 Jahre;5 bis unter 10 Jahre;10 bis unter 15 Jahre;15 bis unter 20 Jahre;20 bis unter 25 Jahre;25 bis unter 30 Jahre;30 bis unter 35 Jahre;35 bis unter 40 Jahre;40 bis unter 45 Jahre;45 bis unter 50 Jahre;50 bis unter 55 Jahre;55 bis unter 60 Jahre;60 bis unter 65 Jahre;65 bis unter 70 Jahre;70 bis unter 75 Jahre;75 bis unter 80 Jahre;80 bis unter 85 Jahre;85 bis unter 90 Jahre;90 Jahre und älter;Ant00J;Ant0105J;Ant0510J;Ant1015J;Ant1520J;Ant2025J;Ant2530J;Ant3035J;Ant3540J;Ant4045J;Ant4550J;Ant5055J;Ant5560J;Ant6065J;Ant6570J;Ant7075J;Ant7580J;Ant8085J;Ant8590J;Ant90ffJ
A00-A09;Infektiöse Darmkrankheiten;257387;4,6984;5,2304;17024;35965;14354;11805;13293;12673;10797;8425;6439;6288;7964;8350;8326;8989;8920;14575;19637;18222;16217;9124;0,0661;0,1397;0,0558;0,0459;0,0516;0,0492;0,0419;0,0327;0,025;0,0244;0,0309;0,0324;0,0323;0,0349;0,0347;0,0566;0,0763;0,0708;0,063;0,0354
A15-A19;Tuberkulose;6346;23,7094;29,5312;35;144;109;77;386;602;582;467;414;389;392;466;385;350;306;354;395;290;164;39;0,0055;0,0227;0,0172;0,0121;0,0608;0,0949;0,0917;0,0736;0,0652;0,0613;0,0618;0,0734;0,0607;0,0552;0,0482;0,0558;0,0622;0,0457;0,0258;0,0061
A20-A28;Bestimmte bakterielle Zoonosen;887;7,2018;11,0159;1;37;43;43;43;50;61;33;48;58;59;71;65;48;60;69;52;20;11;15;0,0011;0,0417;0,0485;0,0485;0,0485;0,0564;0,0688;0,0372;0,0541;0,0654;0,0665;0,08;0,0733;0,0541;0,0676;0,0778;0,0586;0,0225;0,0124;0,0169
A30-A49;Sonstige bakterielle Krankheiten;200471;10,81;10,2379;1778;2311;1452;1181;1756;1988;2342;2805;3440;4960;7785;10571;12371;15294;15767;25718;31948;26290;20488;10226;0,0089;0,0115;0,0072;0,0059;0,0088;0,0099;0,0117;0,014;0,0172;0,0247;0,0388;0,0527;0,0617;0,0763;0,0786;0,1283;0,1594;0,1311;0,1022;0,051
A50-A64;Infektionen, die vorwiegend durch Geschlechtsverkehr übertragen werden;2720;5,9551;5,4896;17;6;1;24;540;505;352;247;179;179;175;189;89;48;45;57;30;24;11;2;0,0063;0,0022;0,0004;0,0088;0,1985;0,1857;0,1294;0,0908;0,0658;0,0658;0,0643;0,0695;0,0327;0,0176;0,0165;0,021;0,011;0,0088;0,004;0,0007
A65-A69;Sonstige Spirochätenkrankheiten;5762;9,0765;6,8343;3;173;668;502;259;157;199;192;210;280;370;423;444;423;339;495;378;175;65;7;0,0005;0,03;0,1159;0,0871;0,0449;0,0272;0,0345;0,0333;0,0364;0,0486;0,0642;0,0734;0,0771;0,0734;0,0588;0,0859;0,0656;0,0304;0,0113;0,0012
A70-A74;Sonstige Krankheiten durch Chlamydien;195;6,9744;5,4626;5;3;4;10;18;17;18;18;9;9;15;13;14;10;6;9;12;3;2;0;0,0256;0,0154;0,0205;0,0513;0,0923;0,0872;0,0923;0,0923;0,0462;0,0462;0,0769;0,0667;0,0718;0,0513;0,0308;0,0462;0,0615;0,0154;0,0103;0,00
A75-A79;Rickettsiosen;137;8,292;9,846;0;0;1;1;3;7;15;10;10;11;9;18;17;12;10;7;4;2;0;0;0,00;0,00;0,0073;0,0073;0,0219;0,0511;0,1095;0,073;0,073;0,0803;0,0657;0,1314;0,1241;0,0876;0,073;0,0511;0,0292;0,0146;0,00;0,00
A80-A89;Virusinfektionen des Zentralnervensystems;5076;9,4864;11,1046;195;199;322;183;254;353;411;464;368;303;329;298;223;239;210;268;249;135;57;16;0,0384;0,0392;0,0634;0,0361;0,05;0,0695;0,081;0,0914;0,0725;0,0597;0,0648;0,0587;0,0439;0,0471;0,0414;0,0528;0,0491;0,0266;0,0112;0,0032
A90-A99;Durch Arthropoden übertragene Viruskrankheiten und virale hämorrhagische Fieber;652;5,8221;4,3339;1;2;4;8;27;62;99;75;67;48;91;67;43;18;12;18;7;2;1;0;0,0015;0,0031;0,0061;0,0123;0,0414;0,0951;0,1518;0,115;0,1028;0,0736;0,1396;0,1028;0,066;0,0276;0,0184;0,0276;0,0107;0,0031;0,0015;0,00
B00-B09;Virusinfektionen, die durch Haut- und Schleimhautläsionen gekennzeichnet sind;36041;7,1375;6,266;1897;3957;868;700;818;846;887;894;888;953;1256;1573;1830;2122;2213;3858;4283;3058;2176;964;0,0526;0,1098;0,0241;0,0194;0,0227;0,0235;0,0246;0,0248;0,0246;0,0264;0,0348;0,0436;0,0508;0,0589;0,0614;0,107;0,1188;0,0848;0,0604;0,0267
B15-B19;Virushepatitis;3230;5,7728;6,619;9;25;66;66;83;136;188;254;280;268;334;372;333;261;161;146;145;61;30;12;0,0028;0,0077;0,0204;0,0204;0,0257;0,0421;0,0582;0,0786;0,0867;0,083;0,1034;0,1152;0,1031;0,0808;0,0498;0,0452;0,0449;0,0189;0,0093;0,0037
B20-B24;HIV-Krankheit [Humane Immundefizienz-Viruskrankheit];1176;11,8673;14,7229;6;2;5;7;3;32;66;119;146;167;212;164;95;63;38;35;14;1;1;0;0,0051;0,0017;0,0043;0,006;0,0026;0,0272;0,0561;0,1012;0,1241;0,142;0,1803;0,1395;0,0808;0,0536;0,0323;0,0298;0,0119;0,0009;0,0009;0,00
B25-B34;Sonstige Viruskrankheiten;24467;4,587;5,8638;2488;4138;1940;1910;3836;2029;1289;992;762;620;713;685;605;549;460;502;475;264;158;52;0,1017;0,1691;0,0793;0,0781;0,1568;0,0829;0,0527;0,0405;0,0311;0,0253;0,0291;0,028;0,0247;0,0224;0,0188;0,0205;0,0194;0,0108;0,0065;0,0021
B35-B49;Mykosen;10644;10,2846;12,1216;236;145;79;70;156;147;178;203;207;347;537;727;861;957;871;1417;1514;1063;652;277;0,0222;0,0136;0,0074;0,0066;0,0147;0,0138;0,0167;0,0191;0,0194;0,0326;0,0505;0,0683;0,0809;0,0899;0,0818;0,1331;0,1422;0,0999;0,0613;0,026
B50-B64;Protozoenkrankheiten;2885;11,9199;14,0309;13;31;49;75;272;287;208;209;188;209;240;233;182;130;128;194;133;70;30;4;0,0045;0,0107;0,017;0,026;0,0943;0,0995;0,0721;0,0724;0,0652;0,0724;0,0832;0,0808;0,0631;0,0451;0,0444;0,0672;0,0461;0,0243;0,0104;0,0014
B65-B83;Helminthosen;1394;5,3135;7,55;3;52;154;300;179;83;81;71;53;56;73;57;49;32;35;40;49;11;10;6;0,0022;0,0373;0,1105;0,2152;0,1284;0,0595;0,0581;0,0509;0,038;0,0402;0,0524;0,0409;0,0352;0,023;0,0251;0,0287;0,0352;0,0079;0,0072;0,0043
B85-B89;Pedikulose [Läusebefall], Akarinose [Milbenbefall] und sonstiger Parasitenbefall der Haut;1668;4,0641;3,4358;296;238;96;57;192;124;86;47;39;29;39;48;47;39;47;56;69;47;44;28;0,1775;0,1427;0,0576;0,0342;0,1151;0,0743;0,0516;0,0282;0,0234;0,0174;0,0234;0,0288;0,0282;0,0234;0,0282;0,0336;0,0414;0,0282;0,0264;0,0168
B90-B94;Folgezustände von infektiösen und parasitären Krankheiten;-999;-999,00;-999,00;-999;-999;-999;-999;-999;-999;-999;-999;-999;-999;-999;-999;-999;-999;-999;-999;-999;-999;-999;-999;-9,99;-9,99;-9,99;-9,99;-9,99;-9,99;-9,99;-9,99;-9,99;-9,99;-9,99;-9,99;-9,99;-9,99;-9,99;-9,99;-9,99;-9,99;-9,99;-9,99
B95-B98;Bakterien, Viren und sonstige Infektionserreger als Ursache von Krankheiten, die in anderen Kapiteln klassifiziert sind;0;0,00;0,00;0;0;0;0;0;0;0;0;0;0;0;0;0;0;0;0;0;0;0;0;0,00;0,00;0,00;0,00;0,00;0,00;0,00;0,00;0,00;0,00;0,00;0,00;0,00;0,00;0,00;0,00;0,00;0,00;0,00;0,00
B99-B99;Sonstige Infektionskrankheiten;34079;6,0215;5,3786;1725;2269;889;594;876;998;943;909;793;909;1154;1422;1601;1947;2087;3432;4030;3510;2657;1334;0,0506;0,0666;0,0261;0,0174;0,0257;0,0293;0,0277;0,0267;0,0233;0,0267;0,0339;0,0417;0,047;0,0571;0,0612;0,1007;0,1183;0,103;0,078;0,0391
C00-C14;Bösartige Neubildungen der Lippe, der Mundhöhle und des Pharynx;54399;8,8445;11,6273;0;3;10;38;40;86;152;228;361;1014;3211;7066;9894;10061;7393;6945;4602;1986;963;346;0,00;0,0001;0,0002;0,0007;0,0007;0,0016;0,0028;0,0042;0,0066;0,0186;0,059;0,1299;0,1819;0,1849;0,1359;0,1277;0,0846;0,0365;0,0177;0,0064
C15-C26;Bösartige Neubildungen der Verdauungsorgane;319786;10,0459;11,8277;90;206;53;65;169;267;491;1126;2060;4205;10701;20517;29794;40195;41300;59495;56918;31259;15657;5218;0,0003;0,0006;0,0002;0,0002;0,0005;0,0008;0,0015;0,0035;0,0064;0,0131;0,0335;0,0642;0,0932;0,1257;0,1291;0,186;0,178;0,0977;0,049;0,0163
C30-C39;Bösartige Neubildungen der Atmungsorgane und sonstiger intrathorakaler Organe;214218;7,4344;8,9407;2;5;13;13;82;104;155;387;780;2078;7277;17375;28074;35165;33768;40390;30286;12838;4614;812;0,00;0,00;0,0001;0,0001;0,0004;0,0005;0,0007;0,0018;0,0036;0,0097;0,034;0,0811;0,1311;0,1642;0,1576;0,1885;0,1414;0,0599;0,0215;0,0038
C40-C41;Bösartige Neubildungen des Knochens und des Gelenkknorpels;7659;7,4373;10,0137;21;173;516;966;1216;497;493;342;250;283;307;356;507;370;371;373;304;191;95;28;0,0027;0,0226;0,0674;0,1261;0,1588;0,0649;0,0644;0,0447;0,0326;0,0369;0,0401;0,0465;0,0662;0,0483;0,0484;0,0487;0,0397;0,0249;0,0124;0,0037
C43-C44;Melanom und sonstige bösartige Neubildungen der Haut;96716;4,9102;5,065;1;5;18;23;61;189;448;613;915;1588;3236;4037;5119;6575;8203;16099;19575;14707;10415;4889;0,00;0,0001;0,0002;0,0002;0,0006;0,002;0,0046;0,0063;0,0095;0,0164;0,0335;0,0417;0,0529;0,068;0,0848;0,1665;0,2024;0,1521;0,1077;0,0506
C45-C49;Bösartige Neubildungen des mesothelialen Gewebes und des Weichteilgewebes;25613;8,211;10,1436;170;1029;543;431;479;435;525;577;478;844;1284;1707;1878;2497;2554;3824;3446;1769;879;264;0,0066;0,0402;0,0212;0,0168;0,0187;0,017;0,0205;0,0225;0,0187;0,033;0,0501;0,0666;0,0733;0,0975;0,0997;0,1493;0,1345;0,0691;0,0343;0,0103
C50-C50;Bösartige Neubildungen der Brustdrüse [Mamma];123960;5,9389;5,773;0;0;0;0;4;106;532;1669;3378;6622;12841;16166;13669;15185;13999;14732;13439;6845;3564;1209;0,00;0,00;0,00;0,00;0,00;0,0009;0,0043;0,0135;0,0273;0,0534;0,1036;0,1304;0,1103;0,1225;0,1129;0,1188;0,1084;0,0552;0,0288;0,0098
C51-C58;Bösartige Neubildungen der weiblichen Genitalorgane;68723;8,9912;10,7233;2;21;20;41;110;182;523;1168;1568;2563;4684;6752;7125;8367;7265;9949;9521;5249;2700;913;0,00;0,0003;0,0003;0,0006;0,0016;0,0026;0,0076;0,017;0,0228;0,0373;0,0682;0,0982;0,1037;0,1217;0,1057;0,1448;0,1385;0,0764;0,0393;0,0133
C60-C63;Bösartige Neubildungen der männlichen Genitalorgane;74705;7,1599;6,7264;4;10;10;8;291;1112;1795;1844;1499;1360;2098;3213;5385;8694;10677;15631;11367;5783;3040;884;0,0001;0,0001;0,0001;0,0001;0,0039;0,0149;0,024;0,0247;0,0201;0,0182;0,0281;0,043;0,0721;0,1164;0,1429;0,2092;0,1522;0,0774;0,0407;0,0118
C64-C68;Bösartige Neubildungen der Harnorgane;121768;7,4064;8,5161;77;609;311;63;59;58;112;233;495;1167;3074;6066;9289;13143;14536;23070;23624;15048;8333;2401;0,0006;0,005;0,0026;0,0005;0,0005;0,0005;0,0009;0,0019;0,0041;0,0096;0,0252;0,0498;0,0763;0,1079;0,1194;0,1895;0,194;0,1236;0,0684;0,0197
C69-C72;Bösartige Neubildungen des Auges, des Gehirns und sonstiger Teile des Zentralnervensystems;29090;10,0312;12,0983;179;1412;987;760;471;455;588;757;906;1427;2024;2764;2796;3128;2709;3296;2669;1215;459;88;0,0062;0,0485;0,0339;0,0261;0,0162;0,0156;0,0202;0,026;0,0311;0,0491;0,0696;0,095;0,0961;0,1075;0,0931;0,1133;0,0917;0,0418;0,0158;0,003
C73-C75;Bösartige Neubildungen der Schilddrüse und sonstiger endokriner Drüsen;22133;4,7775;5,8065;79;362;183;153;295;577;956;1263;1394;1844;2309;2459;2296;2007;1756;1726;1520;629;268;57;0,0036;0,0164;0,0083;0,0069;0,0133;0,0261;0,0432;0,0571;0,063;0,0833;0,1043;0,1111;0,1037;0,0907;0,0793;0,078;0,0687;0,0284;0,0121;0,0026
C76-C80;Bösartige Neubildungen ungenau bezeichneter, sekundärer und nicht näher bezeichneter Lokalisationen;136084;9,9067;10,2974;17;56;59;113;167;332;518;913;1466;3082;6498;11212;14561;18065;17092;23090;20689;10933;5426;1795;0,0001;0,0004;0,0004;0,0008;0,0012;0,0024;0,0038;0,0067;0,0108;0,0226;0,0477;0,0824;0,107;0,1327;0,1256;0,1697;0,152;0,0803;0,0399;0,0132
C81-C96;Bösartige Neubildungen des lymphatischen, blutbildenden und verwandten Gewebes, als primär festgestellt oder vermutet;140777;10,3651;13,7876;219;3623;2821;2699;2881;2076;2023;2226;2147;3521;5921;8511;10586;13286;14473;22138;21664;12348;5986;1628;0,0016;0,0257;0,02;0,0192;0,0205;0,0147;0,0144;0,0158;0,0153;0,025;0,0421;0,0605;0,0752;0,0944;0,1028;0,1573;0,1539;0,0877;0,0425;0,0116
C97-C97;Bösartige Neubildungen als Primärtumoren an mehreren Lokalisationen;0;0,00;0,00;0;0;0;0;0;0;0;0;0;0;0;0;0;0;0;0;0;0;0;0;0,00;0,00;0,00;0,00;0,00;0,00;0,00;0,00;0,00;0,00;0,00;0,00;0,00;0,00;0,00;0,00;0,00;0,00;0,00;0,00
D00-D09;In-situ-Neubildungen;28300;3,9359;4,0461;0;0;1;2;16;185;775;1033;1222;1690;2417;3482;2746;2944;2858;3179;3001;1599;852;298;0,00;0,00;0,00;0,0001;0,0006;0,0065;0,0274;0,0365;0,0432;0,0597;0,0854;0,123;0,097;0,104;0,101;0,1123;0,106;0,0565;0,0301;0,0105
D10-D36;Gutartige Neubildungen;222419;4,7499;6,0139;2941;1671;1500;1945;3436;4366;5992;8572;12038;21498;32350;26681;18803;17498;15860;19231;16489;7552;3172;824;0,0132;0,0075;0,0067;0,0087;0,0154;0,0196;0,0269;0,0385;0,0541;0,0967;0,1454;0,12;0,0845;0,0787;0,0713;0,0865;0,0741;0,034;0,0143;0,0037
D37-D48;Neubildungen unsicheren oder unbekannten Verhaltens;92026;5,8733;7,5837;274;481;443;609;730;838;1110;1324;1662;2417;4430;6308;7492;9013;8985;13553;14394;9723;5871;2369;0,003;0,0052;0,0048;0,0066;0,0079;0,0091;0,0121;0,0144;0,0181;0,0263;0,0481;0,0685;0,0814;0,0979;0,0976;0,1473;0,1564;0,1057;0,0638;0,0257
D50-D53;Alimentäre Anämien;48605;6,4262;5,0422;96;165;59;269;534;462;517;556;834;1277;1822;1788;1857;2610;2999;5588;8272;8030;6942;3928;0,002;0,0034;0,0012;0,0055;0,011;0,0095;0,0106;0,0114;0,0172;0,0263;0,0375;0,0368;0,0382;0,0537;0,0617;0,115;0,1702;0,1652;0,1428;0,0808
D55-D59;Hämolytische Anämien;6082;7,2716;9,3782;178;427;556;489;551;444;242;209;173;133;152;170;175;255;245;425;569;384;240;65;0,0293;0,0702;0,0914;0,0804;0,0906;0,073;0,0398;0,0344;0,0284;0,0219;0,025;0,028;0,0288;0,0419;0,0403;0,0699;0,0936;0,0631;0,0395;0,0107
D60-D64;Aplastische und sonstige Anämien;36011;6,2618;7,054;208;465;350;303;220;233;188;240;337;442;828;1244;1547;2149;2523;4536;6180;5866;5021;3131;0,0058;0,0129;0,0097;0,0084;0,0061;0,0065;0,0052;0,0067;0,0094;0,0123;0,023;0,0345;0,043;0,0597;0,0701;0,126;0,1716;0,1629;0,1394;0,0869
D65-D69;Koagulopathien, Purpura und sonstige hämorrhagische Diathesen;23687;6,7019;7,2539;242;1510;1581;666;538;347;329;315;311;391;604;803;936;1233;1419;2635;3572;3198;2231;826;0,0102;0,0637;0,0667;0,0281;0,0227;0,0146;0,0139;0,0133;0,0131;0,0165;0,0255;0,0339;0,0395;0,0521;0,0599;0,1112;0,1508;0,135;0,0942;0,0349
D70-D77;Sonstige Krankheiten des Blutes und der blutbildenden Organe;10419;7,2836;9,3382;158;185;113;164;246;233;248;251;320;411;640;818;911;1145;1113;1439;1228;509;238;49;0,0152;0,0178;0,0108;0,0157;0,0236;0,0224;0,0238;0,0241;0,0307;0,0394;0,0614;0,0785;0,0874;0,1099;0,1068;0,1381;0,1179;0,0489;0,0228;0,0047
D80-D90;Bestimmte Störungen mit Beteiligung des Immunsystems;11430;6,1987;9,5486;108;186;155;224;252;241;608;785;795;1059;1209;1361;1109;909;676;762;665;246;72;8;0,0094;0,0163;0,0136;0,0196;0,022;0,0211;0,0532;0,0687;0,0696;0,0927;0,1058;0,1191;0,097;0,0795;0,0591;0,0667;0,0582;0,0215;0,0063;0,0007
E00-E07;Krankheiten der Schilddrüse;94755;4,0242;3,2482;107;21;66;194;594;1176;2102;3491;5017;7365;11113;12651;11284;10481;8685;9082;6794;2969;1217;346;0,0011;0,0002;0,0007;0,002;0,0063;0,0124;0,0222;0,0368;0,0529;0,0777;0,1173;0,1335;0,1191;0,1106;0,0917;0,0958;0,0717;0,0313;0,0128;0,0037
E10-E14;Diabetes mellitus;208946;10,2416;10,5321;32;941;2667;6058;4761;3419;3163;3220;3739;5340;9140;13159;15784;18670;18301;25675;31462;22792;14539;6084;0,0002;0,0045;0,0128;0,029;0,0228;0,0164;0,0151;0,0154;0,0179;0,0256;0,0437;0,063;0,0755;0,0894;0,0876;0,1229;0,1506;0,1091;0,0696;0,0291
E15-E16;Sonstige Störungen der Blutglukose-Regulation und der inneren Sekretion des Pankreas;3081;4,8783;6,0282;90;245;57;62;111;158;129;136;135;134;190;182;161;158;140;214;237;249;186;107;0,0292;0,0795;0,0185;0,0201;0,036;0,0513;0,0419;0,0441;0,0438;0,0435;0,0617;0,0591;0,0523;0,0513;0,0454;0,0695;0,0769;0,0808;0,0604;0,0347
E20-E35;Krankheiten sonstiger endokriner Drüsen;13342;5,8564;6,5747;227;578;789;711;387;321;397;413;455;581;901;1040;1051;1060;935;1280;1090;665;355;106;0,017;0,0433;0,0591;0,0533;0,029;0,0241;0,0298;0,031;0,0341;0,0435;0,0675;0,0779;0,0788;0,0794;0,0701;0,0959;0,0817;0,0498;0,0266;0,0079
E40-E46;Mangelernährung;2651;10,4198;8,2556;173;165;56;56;94;45;27;31;34;52;68;118;147;227;161;261;333;269;212;122;0,0653;0,0622;0,0211;0,0211;0,0355;0,017;0,0102;0,0117;0,0128;0,0196;0,0257;0,0445;0,0555;0,0856;0,0607;0,0985;0,1256;0,1015;0,08;0,046
E50-E64;Sonstige alimentäre Mangelzustände;3046;9,1215;9,9405;33;47;14;17;38;24;51;62;73;121;225;296;273;313;267;363;363;261;150;55;0,0108;0,0154;0,0046;0,0056;0,0125;0,0079;0,0167;0,0204;0,024;0,0397;0,0739;0,0972;0,0896;0,1028;0,0877;0,1192;0,1192;0,0857;0,0492;0,0181
E65-E68;Adipositas und sonstige Überernährung;18810;6,0409;7,4216;24;73;186;286;228;609;1129;1604;1879;2125;2629;2482;1904;1442;881;635;456;184;51;3;0,0013;0,0039;0,0099;0,0152;0,0121;0,0324;0,06;0,0853;0,0999;0,113;0,1398;0,132;0,1012;0,0767;0,0468;0,0338;0,0242;0,0098;0,0027;0,0002
E70-E90;Stoffwechselstörungen;154544;6,7066;6,2527;1156;1720;1777;2364;2524;2011;1792;1687;1452;1633;2340;3235;3912;5187;6169;12544;22374;27560;31240;21867;0,0075;0,0111;0,0115;0,0153;0,0163;0,013;0,0116;0,0109;0,0094;0,0106;0,0151;0,0209;0,0253;0,0336;0,0399;0,0812;0,1448;0,1783;0,2021;0,1415
F00-F09;Organische, einschließlich symptomatischer psychischer Störungen;31576;8,6756;8,3329;4;10;36;89;139;131;115;117;137;175;319;543;832;1068;1492;3694;6389;6748;6180;3358;0,0001;0,0003;0,0011;0,0028;0,0044;0,0041;0,0036;0,0037;0,0043;0,0055;0,0101;0,0172;0,0263;0,0338;0,0473;0,117;0,2023;0,2137;0,1957;0,1063
F10-F19;Psychische und Verhaltensstörungen durch psychotrope Substanzen;169691;3,1634;4,0671;11;26;9;3463;22447;14179;11865;12381;12697;14559;19511;20117;14833;9746;5381;4104;2660;1096;425;181;0,0001;0,0002;0,0001;0,0204;0,1323;0,0836;0,0699;0,073;0,0748;0,0858;0,115;0,1186;0,0874;0,0574;0,0317;0,0242;0,0157;0,0065;0,0025;0,0011
F20-F29;Schizophrenie, schizotype und wahnhafte Störungen;3742;3,694;5,536;0;0;5;35;187;185;207;228;211;217;316;318;305;265;190;277;305;239;159;93;0,00;0,00;0,0013;0,0094;0,05;0,0494;0,0553;0,0609;0,0564;0,058;0,0844;0,085;0,0815;0,0708;0,0508;0,074;0,0815;0,0639;0,0425;0,0249
F30-F39;Affektive Störungen;15529;6,6263;8,6243;24;11;18;269;615;398;375;446;519;739;1080;1205;1197;1017;1025;1697;2194;1511;941;248;0,0015;0,0007;0,0012;0,0173;0,0396;0,0256;0,0241;0,0287;0,0334;0,0476;0,0695;0,0776;0,0771;0,0655;0,066;0,1093;0,1413;0,0973;0,0606;0,016
F40-F48;Neurotische, Belastungs- und somatoforme Störungen;62988;6,4672;9,2019;77;137;740;3962;5656;3376;3414;3566;3616;4230;5746;5916;4812;3763;2815;3674;3589;2238;1240;421;0,0012;0,0022;0,0117;0,0629;0,0898;0,0536;0,0542;0,0566;0,0574;0,0672;0,0912;0,0939;0,0764;0,0597;0,0447;0,0583;0,057;0,0355;0,0197;0,0067
F50-F59;Verhaltensauffälligkeiten mit körperlichen Störungen und Faktoren;7110;10,0589;20,8953;59;337;320;1220;1536;421;413;315;264;287;377;360;285;217;153;183;162;85;77;39;0,0083;0,0474;0,045;0,1716;0,216;0,0592;0,0581;0,0443;0,0371;0,0404;0,053;0,0506;0,0401;0,0305;0,0215;0,0257;0,0228;0,012;0,0108;0,0055
F60-F69;Persönlichkeits- und Verhaltensstörungen;2668;8,5277;10,5872;2;16;19;65;236;431;382;315;253;204;236;141;101;38;34;47;55;47;30;16;0,0007;0,006;0,0071;0,0244;0,0885;0,1615;0,1432;0,1181;0,0948;0,0765;0,0885;0,0528;0,0379;0,0142;0,0127;0,0176;0,0206;0,0176;0,0112;0,006
F70-F79;Intelligenzstörung;856;10,9054;13,5116;0;49;263;146;69;26;30;25;21;25;31;38;39;30;34;18;7;2;2;1;0,00;0,0572;0,3072;0,1706;0,0806;0,0304;0,035;0,0292;0,0245;0,0292;0,0362;0,0444;0,0456;0,035;0,0397;0,021;0,0082;0,0023;0,0023;0,0012
F80-F89;Entwicklungsstörungen;5035;6,716;15,0418;174;2226;2062;394;115;14;11;7;2;3;2;5;4;1;3;1;4;3;3;1;0,0346;0,4421;0,4095;0,0783;0,0228;0,0028;0,0022;0,0014;0,0004;0,0006;0,0004;0,001;0,0008;0,0002;0,0006;0,0002;0,0008;0,0006;0,0006;0,0002
F90-F98;Verhaltens- und emotionale Störungen mit Beginn in der Kindheit und Jugend;6475;11,5291;20,1384;366;839;2710;1649;440;97;76;47;30;34;27;27;25;18;12;14;17;26;13;8;0,0565;0,1296;0,4185;0,2547;0,068;0,015;0,0117;0,0073;0,0046;0,0053;0,0042;0,0042;0,0039;0,0028;0,0019;0,0022;0,0026;0,004;0,002;0,0012
F99-F99;Nicht näher bezeichnete psychische Störungen;188;2,5319;3,5531;2;5;19;15;18;7;9;10;11;7;7;12;12;8;3;9;17;7;6;4;0,0106;0,0266;0,1011;0,0798;0,0957;0,0372;0,0479;0,0532;0,0585;0,0372;0,0372;0,0638;0,0638;0,0426;0,016;0,0479;0,0904;0,0372;0,0319;0,0213
G00-G09;Entzündliche Krankheiten des Zentralnervensystems;15837;13,1251;16,6056;295;371;374;337;516;747;898;977;893;1037;1394;1347;1236;1178;966;1329;1105;538;249;50;0,0186;0,0234;0,0236;0,0213;0,0326;0,0472;0,0567;0,0617;0,0564;0,0655;0,088;0,0851;0,078;0,0744;0,061;0,0839;0,0698;0,034;0,0157;0,0032
G10-G14;Systematrophien, die vorwiegend das Zentralnervensystem betreffen;7683;7,7669;9,0327;57;89;69;71;75;66;81;92;139;248;444;639;853;887;984;1260;1051;404;143;31;0,0074;0,0116;0,009;0,0092;0,0098;0,0086;0,0105;0,012;0,0181;0,0323;0,0578;0,0832;0,111;0,1154;0,1281;0,164;0,1368;0,0526;0,0186;0,004
G20-G26;Extrapyramidale Krankheiten und Bewegungsstörungen;60553;11,53;8,0367;390;177;175;266;500;302;316;309;418;683;1410;2204;3096;4430;6039;12074;14532;8466;3903;863;0,0064;0,0029;0,0029;0,0044;0,0083;0,005;0,0052;0,0051;0,0069;0,0113;0,0233;0,0364;0,0511;0,0732;0,0997;0,1994;0,24;0,1398;0,0645;0,0143
G30-G32;Sonstige degenerative Krankheiten des Nervensystems;11376;8,956;7,7488;60;104;45;50;45;15;31;35;34;66;118;268;411;566;761;1762;2585;2111;1690;619;0,0053;0,0091;0,004;0,0044;0,004;0,0013;0,0027;0,0031;0,003;0,0058;0,0104;0,0236;0,0361;0,0498;0,0669;0,1549;0,2272;0,1856;0,1486;0,0544
G35-G37;Demyelinisierende Krankheiten des Zentralnervensystems;56331;6,8101;7,0514;4;27;84;258;1161;2319;3616;4229;4550;5994;8370;9070;6667;4276;2649;1916;913;185;39;4;0,0001;0,0005;0,0015;0,0046;0,0206;0,0412;0,0642;0,0751;0,0808;0,1064;0,1486;0,161;0,1184;0,0759;0,047;0,034;0,0162;0,0033;0,0007;0,0001
G40-G47;Episodische und paroxysmale Krankheiten des Nervensystems;435067;4,4531;5,82;2868;8439;9994;10834;13971;13535;13672;13873;14178;19057;28398;34644;34869;34934;30629;42075;45804;31680;21555;10058;0,0066;0,0194;0,023;0,0249;0,0321;0,0311;0,0314;0,0319;0,0326;0,0438;0,0653;0,0796;0,0801;0,0803;0,0704;0,0967;0,1053;0,0728;0,0495;0,0231
G50-G59;Krankheiten von Nerven, Nervenwurzeln und Nervenplexus;62053;3,936;4,1583;56;247;495;1404;1960;1965;2425;2735;2760;3586;4970;5849;5541;5032;3945;5697;6113;4100;2381;792;0,0009;0,004;0,008;0,0226;0,0316;0,0317;0,0391;0,0441;0,0445;0,0578;0,0801;0,0943;0,0893;0,0811;0,0636;0,0918;0,0985;0,0661;0,0384;0,0128
G60-G64;Polyneuropathien und sonstige Krankheiten des peripheren Nervensystems;34788;11,4019;18,1221;3;81;82;135;197;191;286;353;558;979;1945;2736;3394;3824;3611;5911;5862;3005;1326;309;0,0001;0,0023;0,0024;0,0039;0,0057;0,0055;0,0082;0,0101;0,016;0,0281;0,0559;0,0786;0,0976;0,1099;0,1038;0,1699;0,1685;0,0864;0,0381;0,0089
G70-G73;Krankheiten im Bereich der neuromuskulären Synapse und des Muskels;9552;8,7252;12,2404;60;177;207;266;384;308;336;300;361;408;618;700;698;728;715;1223;1139;553;306;65;0,0063;0,0185;0,0217;0,0278;0,0402;0,0322;0,0352;0,0314;0,0378;0,0427;0,0647;0,0733;0,0731;0,0762;0,0749;0,128;0,1192;0,0579;0,032;0,0068
G80-G83;Zerebrale Lähmung und sonstige Lähmungssyndrome;17364;11,1493;18,8124;69;538;703;776;781;621;577;638;569;783;1130;1357;1429;1340;1201;1646;1606;935;474;191;0,004;0,031;0,0405;0,0447;0,045;0,0358;0,0332;0,0367;0,0328;0,0451;0,0651;0,0782;0,0823;0,0772;0,0692;0,0948;0,0925;0,0538;0,0273;0,011
G90-G99;Sonstige Krankheiten des Nervensystems;35684;11,1232;18,9041;682;911;616;594;878;1351;1521;1433;1493;1657;2155;2425;2353;2323;2563;4234;4515;2603;1105;272;0,0191;0,0255;0,0173;0,0166;0,0246;0,0379;0,0426;0,0402;0,0418;0,0464;0,0604;0,068;0,0659;0,0651;0,0718;0,1187;0,1265;0,0729;0,031;0,0076
H00-H06;Affektionen des Augenlides, des Tränenapparates und der Orbita;21166;2,6786;2,5429;345;1302;627;398;323;341;398;409;432;587;898;1146;1340;1553;1762;2754;3063;1848;1202;438;0,0163;0,0615;0,0296;0,0188;0,0153;0,0161;0,0188;0,0193;0,0204;0,0277;0,0424;0,0541;0,0633;0,0734;0,0832;0,1301;0,1447;0,0873;0,0568;0,0207
H10-H13;Affektionen der Konjunktiva;3256;2,5476;2,0137;145;113;44;33;26;32;60;113;118;181;250;344;293;306;240;405;298;156;74;25;0,0445;0,0347;0,0135;0,0101;0,008;0,0098;0,0184;0,0347;0,0362;0,0556;0,0768;0,1057;0,09;0,094;0,0737;0,1244;0,0915;0,0479;0,0227;0,0077
H15-H22;Affektionen der Sklera, der Hornhaut, der Iris und des Ziliarkörpers;19394;5,5369;4,6401;29;85;163;209;364;519;624;610;597;756;1083;1262;1295;1462;1481;2397;2746;1867;1296;549;0,0015;0,0044;0,0084;0,0108;0,0188;0,0268;0,0322;0,0315;0,0308;0,039;0,0558;0,0651;0,0668;0,0754;0,0764;0,1236;0,1416;0,0963;0,0668;0,0283
H25-H28;Affektionen der Linse;80693;1,8435;1,4774;57;157;114;89;96;141;197;195;317;528;1107;2137;3239;5329;7372;14813;20181;14097;8148;2379;0,0007;0,0019;0,0014;0,0011;0,0012;0,0017;0,0024;0,0024;0,0039;0,0065;0,0137;0,0265;0,0401;0,066;0,0914;0,1836;0,2501;0,1747;0,101;0,0295
H30-H36;Affektionen der Aderhaut und der Netzhaut;69105;3,6073;2,5624;169;74;113;183;263;461;607;679;745;1311;2615;4400;5962;7769;8180;11666;11739;6991;3952;1226;0,0024;0,0011;0,0016;0,0026;0,0038;0,0067;0,0088;0,0098;0,0108;0,019;0,0378;0,0637;0,0863;0,1124;0,1184;0,1688;0,1699;0,1012;0,0572;0,0177
H40-H42;Glaukom;64380;3,1555;2,7115;15;65;156;360;376;353;462;641;777;1458;2757;4078;5124;6662;7237;11728;11965;6170;3128;868;0,0002;0,001;0,0024;0,0056;0,0058;0,0055;0,0072;0,01;0,0121;0,0226;0,0428;0,0633;0,0796;0,1035;0,1124;0,1822;0,1858;0,0958;0,0486;0,0135
H43-H45;Affektionen des Glaskörpers und des Augapfels;9062;4,7994;3,9188;13;16;18;17;37;85;113;151;140;217;409;636;681;952;1003;1333;1499;940;597;205;0,0014;0,0018;0,002;0,0019;0,0041;0,0094;0,0125;0,0167;0,0154;0,0239;0,0451;0,0702;0,0751;0,1051;0,1107;0,1471;0,1654;0,1037;0,0659;0,0226
H46-H48;Affektionen des N. opticus und der Sehbahn;8972;4,9582;3,3549;14;59;133;255;320;520;543;530;436;531;707;756;723;635;589;770;770;437;187;57;0,0016;0,0066;0,0148;0,0284;0,0357;0,058;0,0605;0,0591;0,0486;0,0592;0,0788;0,0843;0,0806;0,0708;0,0656;0,0858;0,0858;0,0487;0,0208;0,0064
H49-H52;Affektionen der Augenmuskeln, Störungen der Blickbewegungen sowie Akkommodationsstörungen und Refraktionsfehler;13666;2,6974;2,7878;96;724;2545;786;620;566;601;551;505;564;747;814;762;746;670;893;891;384;161;40;0,007;0,053;0,1862;0,0575;0,0454;0,0414;0,044;0,0403;0,037;0,0413;0,0547;0,0596;0,0558;0,0546;0,049;0,0653;0,0652;0,0281;0,0118;0,0029
H53-H54;Sehstörungen und Blindheit;7331;3,4928;3,0346;15;39;270;297;282;290;352;357;351;431;537;602;633;585;476;578;592;370;203;71;0,002;0,0053;0,0368;0,0405;0,0385;0,0396;0,048;0,0487;0,0479;0,0588;0,0733;0,0821;0,0863;0,0798;0,0649;0,0788;0,0808;0,0505;0,0277;0,0097
H55-H59;Sonstige Affektionen des Auges und der Augenanhangsgebilde;1986;3,2029;2,7811;228;146;115;72;64;60;61;45;57;99;96;107;109;112;122;168;152;95;62;16;0,1148;0,0735;0,0579;0,0363;0,0322;0,0302;0,0307;0,0227;0,0287;0,0498;0,0483;0,0539;0,0549;0,0564;0,0614;0,0846;0,0765;0,0478;0,0312;0,0081
H60-H62;Krankheiten des äußeren Ohres;7417;3,9773;3,2919;56;226;256;219;290;298;302;310;273;364;608;662;671;564;478;645;565;339;222;69;0,0076;0,0305;0,0345;0,0295;0,0391;0,0402;0,0407;0,0418;0,0368;0,0491;0,082;0,0893;0,0905;0,076;0,0644;0,087;0,0762;0,0457;0,0299;0,0093
H65-H75;Krankheiten des Mittelohres und des Warzenfortsatzes;34642;3,5963;2,5695;1257;4220;2584;1943;1533;1398;1710;1792;1656;1833;2225;2451;2415;2177;1612;1833;1264;476;201;62;0,0363;0,1218;0,0746;0,0561;0,0443;0,0404;0,0494;0,0517;0,0478;0,0529;0,0642;0,0708;0,0697;0,0628;0,0465;0,0529;0,0365;0,0137;0,0058;0,0018
H80-H83;Krankheiten des Innenohres;77772;4,2063;3,1991;3;26;60;241;603;1193;1735;2245;2876;4204;6418;7674;7737;7947;6886;9186;9188;5648;3055;847;0,00;0,0003;0,0008;0,0031;0,0078;0,0153;0,0223;0,0289;0,037;0,0541;0,0825;0,0987;0,0995;0,1022;0,0885;0,1181;0,1181;0,0726;0,0393;0,0109
H90-H95;Sonstige Krankheiten des Ohres;25993;4,5178;2,4382;751;941;541;505;638;810;919;1020;1080;1479;2100;2543;2462;2292;1967;2397;2132;918;393;105;0,0289;0,0362;0,0208;0,0194;0,0245;0,0312;0,0354;0,0392;0,0415;0,0569;0,0808;0,0978;0,0947;0,0882;0,0757;0,0922;0,082;0,0353;0,0151;0,004
I00-I02;Akutes rheumatisches Fieber;522;11,408;12,1911;0;2;19;17;22;20;15;17;24;29;27;25;33;33;31;62;81;36;25;4;0,00;0,0038;0,0364;0,0326;0,0421;0,0383;0,0287;0,0326;0,046;0,0556;0,0517;0,0479;0,0632;0,0632;0,0594;0,1188;0,1552;0,069;0,0479;0,0077
I05-I09;Chronische rheumatische Herzkrankheiten;4693;14,271;14,005;1;9;8;9;14;16;27;35;39;81;102;170;212;328;439;907;1124;711;362;99;0,0002;0,0019;0,0017;0,0019;0,003;0,0034;0,0058;0,0075;0,0083;0,0173;0,0217;0,0362;0,0452;0,0699;0,0935;0,1933;0,2395;0,1515;0,0771;0,0211
I10-I15;Hypertonie [Hochdruckkrankheit];287184;4,5755;3,8547;46;93;194;645;1198;1212;1774;2598;4022;7373;13000;18541;21323;26439;27167;40042;47507;36474;25850;11686;0,0002;0,0003;0,0007;0,0022;0,0042;0,0042;0,0062;0,009;0,014;0,0257;0,0453;0,0646;0,0742;0,0921;0,0946;0,1394;0,1654;0,127;0,09;0,0407
I20-I25;Ischämische Herzkrankheiten;646684;5,6502;7,0143;8;14;9;30;133;403;787;1654;4243;11276;27550;46816;62592;73907;73958;109489;116845;69306;35278;12386;0,00;0,00;0,00;0,00;0,0002;0,0006;0,0012;0,0026;0,0066;0,0174;0,0426;0,0724;0,0968;0,1143;0,1144;0,1693;0,1807;0,1072;0,0546;0,0192
I26-I28;Pulmonale Herzkrankheit und Krankheiten des Lungenkreislaufes;64207;8,7139;7,122;93;85;50;50;273;556;823;895;1088;1711;2993;3708;4264;5415;5478;9671;11398;8177;5373;2106;0,0014;0,0013;0,0008;0,0008;0,0043;0,0087;0,0128;0,0139;0,0169;0,0266;0,0466;0,0578;0,0664;0,0843;0,0853;0,1506;0,1775;0,1274;0,0837;0,0328
I30-I52;Sonstige Formen der Herzkrankheit;1005504;8,0591;8,3538;902;556;823;1527;3951;5220;5803;6574;8342;13026;24142;37944;51579;71952;85287;150165;194916;161373;121533;59889;0,0009;0,0006;0,0008;0,0015;0,0039;0,0052;0,0058;0,0065;0,0083;0,013;0,024;0,0377;0,0513;0,0716;0,0848;0,1493;0,1938;0,1605;0,1209;0,0596
I60-I69;Zerebrovaskuläre Krankheiten;361109;11,9001;13,909;195;110;129;145;421;685;1257;1943;2735;5260;11179;17437;22415;28893;31551;52936;66464;54834;41376;21144;0,0005;0,0003;0,0004;0,0004;0,0012;0,0019;0,0035;0,0054;0,0076;0,0146;0,031;0,0483;0,0621;0,08;0,0874;0,1466;0,1841;0,1518;0,1146;0,0586
I70-I79;Krankheiten der Arterien, Arteriolen und Kapillaren;262559;10,086;12,4571;35;35;58;123;292;334;473;796;1149;2635;6909;14379;22964;29763;29814;44452;46598;30819;20943;9988;0,0001;0,0001;0,0002;0,0005;0,0011;0,0013;0,0018;0,003;0,0044;0,01;0,0263;0,0548;0,0875;0,1134;0,1136;0,1693;0,1775;0,1174;0,0798;0,038
I80-I89;Krankheiten der Venen, der Lymphgefäße und der Lymphknoten, anderenorts nicht klassifiziert;153886;4,8406;6,2121;80;815;1358;2136;2086;2286;3228;4241;5209;7795;11833;13584;13669;15051;13404;18130;16871;10866;7445;3799;0,0005;0,0053;0,0088;0,0139;0,0136;0,0149;0,021;0,0276;0,0338;0,0507;0,0769;0,0883;0,0888;0,0978;0,0871;0,1178;0,1096;0,0706;0,0484;0,0247
I95-I99;Sonstige und nicht näher bezeichnete Krankheiten des Kreislaufsystems;47051;4,6238;4,3028;34;51;310;2118;2853;1268;964;864;808;1005;1570;1984;2285;2575;2733;5015;7151;6469;4887;2107;0,0007;0,0011;0,0066;0,045;0,0606;0,0269;0,0205;0,0184;0,0172;0,0214;0,0334;0,0422;0,0486;0,0547;0,0581;0,1066;0,152;0,1375;0,1039;0,0448
J00-J06;Akute Infektionen der oberen Atemwege;76356;3,0617;2,3839;11145;23996;5614;3209;4752;4082;3489;3269;2501;1947;1859;1737;1550;1395;1076;1496;1362;946;629;302;0,146;0,3143;0,0735;0,042;0,0622;0,0535;0,0457;0,0428;0,0328;0,0255;0,0243;0,0227;0,0203;0,0183;0,0141;0,0196;0,0178;0,0124;0,0082;0,004
J09-J18;Grippe und Pneumonie;280825;9,2188;7,6567;8906;24619;6697;3227;2582;2302;2767;3378;3742;4640;6463;8651;11193;14607;16998;29894;39627;36652;33122;20758;0,0317;0,0877;0,0238;0,0115;0,0092;0,0082;0,0099;0,012;0,0133;0,0165;0,023;0,0308;0,0399;0,052;0,0605;0,1065;0,1411;0,1305;0,1179;0,0739
J20-J22;Sonstige akute Infektionen der unteren Atemwege;122005;5,3268;4,2642;22262;22234;3431;1056;1298;1586;1635;1769;1702;2059;2705;3285;3826;4364;4560;7690;10807;10235;9376;6125;0,1825;0,1822;0,0281;0,0087;0,0106;0,013;0,0134;0,0145;0,014;0,0169;0,0222;0,0269;0,0314;0,0358;0,0374;0,063;0,0886;0,0839;0,0768;0,0502
J30-J39;Sonstige Krankheiten der oberen Atemwege;189988;3,8373;2,6779;1380;24651;13119;5575;14133;17145;15871;14334;11790;11381;12618;12465;10322;8188;5598;5540;3676;1452;575;175;0,0073;0,1298;0,0691;0,0293;0,0744;0,0902;0,0835;0,0754;0,0621;0,0599;0,0664;0,0656;0,0543;0,0431;0,0295;0,0292;0,0193;0,0076;0,003;0,0009
J40-J47;Chronische Krankheiten der unteren Atemwege;268068;8,1544;7,3024;489;2512;3471;2972;2712;2306;2134;2227;2571;3935;7287;13896;21280;29409;31871;42830;41955;29329;17947;6935;0,0018;0,0094;0,0129;0,0111;0,0101;0,0086;0,008;0,0083;0,0096;0,0147;0,0272;0,0518;0,0794;0,1097;0,1189;0,1598;0,1565;0,1094;0,0669;0,0259
J60-J70;Lungenkrankheiten durch exogene Substanzen;36041;9,4863;8,306;120;236;84;85;155;205;255;255;283;418;827;1129;1479;1953;2249;4377;6205;5984;5740;4002;0,0033;0,0065;0,0023;0,0024;0,0043;0,0057;0,0071;0,0071;0,0079;0,0116;0,0229;0,0313;0,041;0,0542;0,0624;0,1214;0,1722;0,166;0,1593;0,111
J80-J84;Sonstige Krankheiten der Atmungsorgane, die hauptsächlich das Interstitium betreffen;20936;9,2541;11,5801;57;166;103;64;80;95;133;202;301;418;793;1221;1619;2306;2243;3706;3939;2193;989;308;0,0027;0,0079;0,0049;0,0031;0,0038;0,0045;0,0064;0,0096;0,0144;0,02;0,0379;0,0583;0,0773;0,1101;0,1071;0,177;0,1881;0,1047;0,0472;0,0147
J85-J86;Purulente und nekrotisierende Krankheitszustände der unteren Atemwege;9466;17,1603;15,2559;7;49;16;24;55;70;146;204;252;388;613;895;984;1137;917;1277;1176;715;397;144;0,0007;0,0052;0,0017;0,0025;0,0058;0,0074;0,0154;0,0216;0,0266;0,041;0,0648;0,0945;0,104;0,1201;0,0969;0,1349;0,1242;0,0755;0,0419;0,0152
J90-J94;Sonstige Krankheiten der Pleura;27551;9,1311;8,6007;38;40;32;85;1087;1350;1340;1041;790;851;1232;1503;1709;2177;2171;3254;3608;2663;1764;816;0,0014;0,0015;0,0012;0,0031;0,0395;0,049;0,0486;0,0378;0,0287;0,0309;0,0447;0,0546;0,062;0,079;0,0788;0,1181;0,131;0,0967;0,064;0,0296
J95-J99;Sonstige Krankheiten des Atmungssystems;48051;8,5071;14,1696;524;823;359;309;517;527;592;581;664;1000;1828;3001;4374;5606;5838;7414;6957;4095;2131;911;0,0109;0,0171;0,0075;0,0064;0,0108;0,011;0,0123;0,0121;0,0138;0,0208;0,038;0,0625;0,091;0,1167;0,1215;0,1543;0,1448;0,0852;0,0443;0,019
K00-K14;Krankheiten der Mundhöhle, der Speicheldrüsen und der Kiefer;67030;4,0165;4,1996;344;2528;2290;1492;3287;4034;3604;3084;2635;3123;4335;4785;4793;4684;4003;5479;5550;3616;2351;1013;0,0051;0,0377;0,0342;0,0223;0,049;0,0602;0,0538;0,046;0,0393;0,0466;0,0647;0,0714;0,0715;0,0699;0,0597;0,0817;0,0828;0,0539;0,0351;0,0151
K20-K31;Krankheiten des Ösophagus, des Magens und des Duodenums;303665;5,3667;6,3052;1779;1127;1458;4130;8368;9117;9479;9472;10071;12436;17540;20895;21459;22892;21550;31734;37686;30011;22424;10037;0,0059;0,0037;0,0048;0,0136;0,0276;0,03;0,0312;0,0312;0,0332;0,041;0,0578;0,0688;0,0707;0,0754;0,071;0,1045;0,1241;0,0988;0,0738;0,0331
K35-K38;Krankheiten der Appendix;113536;4,6945;4,1128;9;672;4606;12474;18731;15024;10906;8174;6376;5845;6597;5845;4761;3737;2643;2764;2289;1168;653;262;0,0001;0,0059;0,0406;0,1099;0,165;0,1323;0,0961;0,072;0,0562;0,0515;0,0581;0,0515;0,0419;0,0329;0,0233;0,0243;0,0202;0,0103;0,0058;0,0023
K40-K46;Hernien;253083;3,5625;5,3536;5816;2120;1147;520;1841;4175;5742;7346;9321;13425;20209;24229;24723;25848;22929;30574;27603;14990;7941;2584;0,023;0,0084;0,0045;0,0021;0,0073;0,0165;0,0227;0,029;0,0368;0,053;0,0799;0,0957;0,0977;0,1021;0,0906;0,1208;0,1091;0,0592;0,0314;0,0102
K50-K52;Nichtinfektiöse Enteritis und Kolitis;115099;5,8531;6,9394;609;1187;1609;4769;8769;8788;7908;6354;5405;5434;6996;7025;6413;6165;5567;8062;9146;7061;5221;2611;0,0053;0,0103;0,014;0,0414;0,0762;0,0764;0,0687;0,0552;0,047;0,0472;0,0608;0,061;0,0557;0,0536;0,0484;0,07;0,0795;0,0613;0,0454;0,0227
K55-K64;Sonstige Krankheiten des Darmes;518250;5,9073;8,115;2325;5006;6014;9719;9619;9960;12863;15265;16968;23201;35004;39920;39735;39892;36427;53384;61788;47652;35316;18192;0,0045;0,0097;0,0116;0,0188;0,0186;0,0192;0,0248;0,0295;0,0327;0,0448;0,0675;0,077;0,0767;0,077;0,0703;0,103;0,1192;0,0919;0,0681;0,0351
K65-K67;Krankheiten des Peritoneums;24784;8,6675;11,358;31;44;75;204;526;847;1064;1141;1289;1588;2322;2418;2144;2066;1896;2497;2329;1352;677;274;0,0013;0,0018;0,003;0,0082;0,0212;0,0342;0,0429;0,046;0,052;0,0641;0,0937;0,0976;0,0865;0,0834;0,0765;0,1008;0,094;0,0546;0,0273;0,0111
K70-K77;Krankheiten der Leber;86680;9,6539;10,3523;196;168;181;320;551;635;1025;1508;2181;3839;7085;10662;11667;12358;9601;10006;8266;4097;1822;512;0,0023;0,0019;0,0021;0,0037;0,0064;0,0073;0,0118;0,0174;0,0252;0,0443;0,0817;0,123;0,1346;0,1426;0,1108;0,1154;0,0954;0,0473;0,021;0,0059
K80-K87;Krankheiten der Gallenblase, der Gallenwege und des Pankreas;355187;6,5884;7,4299;80;181;257;839;3549;7496;11633;14716;16298;20771;29640;33700;31916;31666;27049;36267;38265;25322;17396;8146;0,0002;0,0005;0,0007;0,0024;0,01;0,0211;0,0328;0,0414;0,0459;0,0585;0,0834;0,0949;0,0899;0,0892;0,0762;0,1021;0,1077;0,0713;0,049;0,0229
K90-K93;Sonstige Krankheiten des Verdauungssystems;69774;6,1292;8,4415;778;996;903;1084;1447;1559;1401;1344;1369;1723;2595;3315;3840;4246;4733;7599;9942;8927;7256;4717;0,0112;0,0143;0,0129;0,0155;0,0207;0,0223;0,0201;0,0193;0,0196;0,0247;0,0372;0,0475;0,055;0,0609;0,0678;0,1089;0,1425;0,1279;0,104;0,0676
L00-L08;Infektionen der Haut und der Unterhaut;140333;5,1383;7,0734;1798;4899;4235;3952;10326;12934;11763;9822;7840;8028;9661;9502;7992;7060;5424;6978;7205;5150;3778;1986;0,0128;0,0349;0,0302;0,0282;0,0736;0,0922;0,0838;0,07;0,0559;0,0572;0,0688;0,0677;0,057;0,0503;0,0387;0,0497;0,0513;0,0367;0,0269;0,0142
L10-L14;Bullöse Dermatosen;5775;9,4746;7,5815;9;23;13;8;29;16;42;81;85;142;177;240;317;288;351;755;957;976;798;468;0,0016;0,004;0,0023;0,0014;0,005;0,0028;0,0073;0,014;0,0147;0,0246;0,0306;0,0416;0,0549;0,0499;0,0608;0,1307;0,1657;0,169;0,1382;0,081
L20-L30;Dermatitis und Ekzem;38282;7,2318;5,693;1414;1860;800;728;1629;1867;1732;1545;1326;1645;2436;2706;2590;2456;2112;3015;3353;2473;1760;835;0,0369;0,0486;0,0209;0,019;0,0426;0,0488;0,0452;0,0404;0,0346;0,043;0,0636;0,0707;0,0677;0,0642;0,0552;0,0788;0,0876;0,0646;0,046;0,0218
L40-L45;Papulosquamöse Hautkrankheiten;20832;10,8905;5,9063;20;91;117;226;458;564;711;892;1013;1324;2056;2736;2791;2367;1591;1649;1170;586;352;118;0,001;0,0044;0,0056;0,0108;0,022;0,0271;0,0341;0,0428;0,0486;0,0636;0,0987;0,1313;0,134;0,1136;0,0764;0,0792;0,0562;0,0281;0,0169;0,0057
L50-L54;Urtikaria und Erythem;14117;4,0951;4,9748;308;1297;826;781;958;979;906;863;766;719;983;917;772;664;507;636;551;358;226;100;0,0218;0,0919;0,0585;0,0553;0,0679;0,0693;0,0642;0,0611;0,0543;0,0509;0,0696;0,065;0,0547;0,047;0,0359;0,0451;0,039;0,0254;0,016;0,0071
L55-L59;Krankheiten der Haut und der Unterhaut durch Strahleneinwirkung;2853;4,2205;6,0669;7;9;15;22;41;30;34;22;29;35;79;90;124;183;226;477;612;407;300;111;0,0025;0,0032;0,0053;0,0077;0,0144;0,0105;0,0119;0,0077;0,0102;0,0123;0,0277;0,0315;0,0435;0,0641;0,0792;0,1672;0,2145;0,1427;0,1052;0,0389
L60-L75;Krankheiten der Hautanhangsgebilde;22625;3,1027;4,0359;159;211;178;528;907;1418;1824;1763;1573;1848;2220;2153;1629;1411;1097;1294;1157;666;419;170;0,007;0,0093;0,0079;0,0233;0,0401;0,0627;0,0806;0,0779;0,0695;0,0817;0,0981;0,0952;0,072;0,0624;0,0485;0,0572;0,0511;0,0294;0,0185;0,0075
L80-L99;Sonstige Krankheiten der Haut und der Unterhaut;43578;13,5666;19,6254;107;259;309;444;719;808;988;977;1137;1508;2367;2842;2968;3357;3022;4854;5865;4654;3986;2407;0,0025;0,0059;0,0071;0,0102;0,0165;0,0185;0,0227;0,0224;0,0261;0,0346;0,0543;0,0652;0,0681;0,077;0,0693;0,1114;0,1346;0,1068;0,0915;0,0552
M00-M03;Infektiöse Arthropathien;13001;15,2463;15,6282;29;263;199;179;225;289;349;403;382;535;821;1027;1081;1144;1015;1390;1611;1097;666;296;0,0022;0,0202;0,0153;0,0138;0,0173;0,0222;0,0268;0,031;0,0294;0,0412;0,0631;0,079;0,0831;0,088;0,0781;0,1069;0,1239;0,0844;0,0512;0,0228
M05-M14;Entzündliche Polyarthropathien;59461;7,8425;6,2073;31;1698;2213;2545;1836;730;717;845;1071;1848;3173;4857;5391;5421;4677;7301;7300;4417;2545;845;0,0005;0,0286;0,0372;0,0428;0,0309;0,0123;0,0121;0,0142;0,018;0,0311;0,0534;0,0817;0,0907;0,0912;0,0787;0,1228;0,1228;0,0743;0,0428;0,0142
M15-M19;Arthrose;372151;9,9074;5,6954;0;0;2;33;250;666;1078;1583;2644;6325;14771;26824;37907;47516;46784;69566;67693;33251;12357;2901;0,00;0,00;0,00;0,0001;0,0007;0,0018;0,0029;0,0043;0,0071;0,017;0,0397;0,0721;0,1019;0,1277;0,1257;0,1869;0,1819;0,0893;0,0332;0,0078
M20-M25;Sonstige Gelenkkrankheiten;210546;3,4589;3,8762;55;1019;2637;7079;9823;9620;9239;7936;8318;12620;19637;23517;23037;20571;15206;17714;13165;5801;2622;930;0,0003;0,0048;0,0125;0,0336;0,0467;0,0457;0,0439;0,0377;0,0395;0,0599;0,0933;0,1117;0,1094;0,0977;0,0722;0,0841;0,0625;0,0276;0,0125;0,0044
M30-M36;Systemkrankheiten des Bindegewebes;44487;7,6441;7,9529;75;373;455;550;832;726;909;1107;1274;1917;3159;3851;4207;4488;4117;6436;5779;2935;1054;243;0,0017;0,0084;0,0102;0,0124;0,0187;0,0163;0,0204;0,0249;0,0286;0,0431;0,071;0,0866;0,0946;0,1009;0,0925;0,1447;0,1299;0,066;0,0237;0,0055
M40-M43;Deformitäten der Wirbelsäule und des Rückens;47650;7,8373;7,2871;37;284;496;1371;1203;518;666;1059;1435;2313;3812;4775;4723;4401;3887;5928;5941;2970;1415;416;0,0008;0,006;0,0104;0,0288;0,0252;0,0109;0,014;0,0222;0,0301;0,0485;0,08;0,1002;0,0991;0,0924;0,0816;0,1244;0,1247;0,0623;0,0297;0,0087
M45-M49;Spondylopathien;155915;8,8041;9,0128;6;46;21;70;191;499;868;1384;2169;4121;7794;11999;14529;15118;15688;26298;29838;15929;7405;1942;0,00;0,0003;0,0001;0,0004;0,0012;0,0032;0,0056;0,0089;0,0139;0,0264;0,05;0,077;0,0932;0,097;0,1006;0,1687;0,1914;0,1022;0,0475;0,0125
M50-M54;Sonstige Krankheiten der Wirbelsäule und des Rückens;422276;6,498;5,1814;10;69;158;776;2825;6299;11521;17866;23171;32059;44177;48403;43797;36465;28952;40935;42026;24432;13492;4843;0,00;0,0002;0,0004;0,0018;0,0067;0,0149;0,0273;0,0423;0,0549;0,0759;0,1046;0,1146;0,1037;0,0864;0,0686;0,0969;0,0995;0,0579;0,032;0,0115
M60-M63;Krankheiten der Muskeln;15396;10,5508;11,9683;33;161;347;519;629;533;512;545;515;562;769;843;845;892;879;1513;1883;1642;1210;564;0,0021;0,0105;0,0225;0,0337;0,0409;0,0346;0,0333;0,0354;0,0335;0,0365;0,0499;0,0548;0,0549;0,0579;0,0571;0,0983;0,1223;0,1067;0,0786;0,0366
M65-M68;Krankheiten der Synovialis und der Sehnen;26826;3,5944;4,8161;19;178;177;388;1013;1297;1319;1248;1357;1880;2675;3120;2712;2267;1745;2097;1795;976;443;120;0,0007;0,0066;0,0066;0,0145;0,0378;0,0483;0,0492;0,0465;0,0506;0,0701;0,0997;0,1163;0,1011;0,0845;0,065;0,0782;0,0669;0,0364;0,0165;0,0045
M70-M79;Sonstige Krankheiten des Weichteilgewebes;188035;4,6704;5,9911;49;343;641;1332;2082;2375;3115;4024;6067;11348;21038;27940;27226;23042;15691;18115;13328;5816;3122;1341;0,0003;0,0018;0,0034;0,0071;0,0111;0,0126;0,0166;0,0214;0,0323;0,0604;0,1119;0,1486;0,1448;0,1225;0,0834;0,0963;0,0709;0,0309;0,0166;0,0071
M80-M85;Veränderungen der Knochendichte und -struktur;60691;10,1286;9,3725;9;97;378;644;1216;1474;1323;1184;1033;1379;2026;2654;2961;3366;3711;6932;10256;9311;7475;3262;0,0001;0,0016;0,0062;0,0106;0,02;0,0243;0,0218;0,0195;0,017;0,0227;0,0334;0,0437;0,0488;0,0555;0,0611;0,1142;0,169;0,1534;0,1232;0,0537
M86-M90;Sonstige Osteopathien;29719;12,9976;14,8235;41;304;484;935;752;617;711;726;921;1368;2113;2980;2923;2859;2279;3107;3113;1936;1127;423;0,0014;0,0102;0,0163;0,0315;0,0253;0,0208;0,0239;0,0244;0,031;0,046;0,0711;0,1003;0,0984;0,0962;0,0767;0,1045;0,1047;0,0651;0,0379;0,0142
M91-M94;Chondropathien;17460;3,1471;3,0298;1;95;499;1609;1660;1235;1157;1069;1085;1416;1904;1755;1345;937;521;535;391;160;66;20;0,0001;0,0054;0,0286;0,0922;0,0951;0,0707;0,0663;0,0612;0,0621;0,0811;0,109;0,1005;0,077;0,0537;0,0298;0,0306;0,0224;0,0092;0,0038;0,0011
M95-M99;Sonstige Krankheiten des Muskel-Skelett-Systems und des Bindegewebes;16088;9,1904;9,2106;12;17;23;40;881;1303;1144;948;809;973;1222;1289;1187;919;827;1213;1359;986;645;291;0,0007;0,0011;0,0014;0,0025;0,0548;0,081;0,0711;0,0589;0,0503;0,0605;0,076;0,0801;0,0738;0,0571;0,0514;0,0754;0,0845;0,0613;0,0401;0,0181
N00-N08;Glomeruläre Krankheiten;7981;5,5067;8,1272;19;351;397;361;357;313;341;317;351;459;636;680;673;584;527;745;531;210;100;29;0,0024;0,044;0,0497;0,0452;0,0447;0,0392;0,0427;0,0397;0,044;0,0575;0,0797;0,0852;0,0843;0,0732;0,066;0,0933;0,0665;0,0263;0,0125;0,0036
N10-N16;Tubulointerstitielle Nierenkrankheiten;155208;4,4706;4,7698;4996;3545;1858;1153;5507;6996;6911;6853;7001;8292;11125;11852;11710;11598;9869;13539;14493;9442;6088;2380;0,0322;0,0228;0,012;0,0074;0,0355;0,0451;0,0445;0,0442;0,0451;0,0534;0,0717;0,0764;0,0754;0,0747;0,0636;0,0872;0,0934;0,0608;0,0392;0,0153
N17-N19;Niereninsuffizienz;114051;9,8169;9,5475;55;140;170;193;393;630;878;961;1089;1655;2912;4281;5597;7709;8889;15324;20916;19436;15474;7349;0,0005;0,0012;0,0015;0,0017;0,0034;0,0055;0,0077;0,0084;0,0095;0,0145;0,0255;0,0375;0,0491;0,0676;0,0779;0,1344;0,1834;0,1704;0,1357;0,0644
N20-N23;Urolithiasis;117773;2,9518;3,1766;12;90;140;325;1543;3911;5956;7636;8470;10696;13849;14291;12715;11136;7835;7947;6567;2995;1288;371;0,0001;0,0008;0,0012;0,0028;0,0131;0,0332;0,0506;0,0648;0,0719;0,0908;0,1176;0,1213;0,108;0,0946;0,0665;0,0675;0,0558;0,0254;0,0109;0,0032
N25-N29;Sonstige Krankheiten der Niere und des Ureters;6584;6,6024;7,7935;101;74;60;55;93;110;136;201;233;358;522;624;653;647;522;790;764;397;191;53;0,0153;0,0112;0,0091;0,0084;0,0141;0,0167;0,0207;0,0305;0,0354;0,0544;0,0793;0,0948;0,0992;0,0983;0,0793;0,12;0,116;0,0603;0,029;0,008
N30-N39;Sonstige Krankheiten des Harnsystems;220266;5,8577;5,4031;2317;2114;1903;1750;5059;4459;3706;3284;3554;5054;7809;10155;10950;13723;15656;27880;34878;28887;23812;13316;0,0105;0,0096;0,0086;0,0079;0,023;0,0202;0,0168;0,0149;0,0161;0,0229;0,0355;0,0461;0,0497;0,0623;0,0711;0,1266;0,1583;0,1311;0,1081;0,0605
N40-N51;Krankheiten der männlichen Genitalorgane;109352;5,0447;4,8464;734;2134;2435;3926;2839;2584;2532;2374;2143;2679;4076;5679;7802;10231;11673;16774;15929;8171;3694;943;0,0067;0,0195;0,0223;0,0359;0,026;0,0236;0,0232;0,0217;0,0196;0,0245;0,0373;0,0519;0,0713;0,0936;0,1067;0,1534;0,1457;0,0747;0,0338;0,0086
N60-N64;Krankheiten der Mamma [Brustdrüse];20298;3,6491;3,741;63;13;11;228;994;1210;1164;1301;1456;1952;2819;2807;1752;1406;1021;933;665;332;132;39;0,0031;0,0006;0,0005;0,0112;0,049;0,0596;0,0573;0,0641;0,0717;0,0962;0,1389;0,1383;0,0863;0,0693;0,0503;0,046;0,0328;0,0164;0,0065;0,0019
N70-N77;Entzündliche Krankheiten der weiblichen Beckenorgane;29723;4,1675;5,5273;23;86;65;186;1920;3566;3829;3515;3220;3129;3435;2286;1094;708;532;617;642;427;298;145;0,0008;0,0029;0,0022;0,0063;0,0646;0,12;0,1288;0,1183;0,1083;0,1053;0,1156;0,0769;0,0368;0,0238;0,0179;0,0208;0,0216;0,0144;0,01;0,0049
N80-N98;Nichtentzündliche Krankheiten des weiblichen Genitaltraktes;176442;3,6987;3,6635;94;66;86;1875;6224;8837;12211;13802;14113;17462;21478;16574;10913;10964;9547;12829;11184;5122;2314;747;0,0005;0,0004;0,0005;0,0106;0,0353;0,0501;0,0692;0,0782;0,08;0,099;0,1217;0,0939;0,0619;0,0621;0,0541;0,0727;0,0634;0,029;0,0131;0,0042
N99-N99;Sonstige Krankheiten des Urogenitalsystems;11593;5,2979;4,7763;8;54;112;78;72;144;201;311;333;378;524;712;836;1097;1329;2071;1924;900;414;95;0,0007;0,0047;0,0097;0,0067;0,0062;0,0124;0,0173;0,0268;0,0287;0,0326;0,0452;0,0614;0,0721;0,0946;0,1146;0,1786;0,166;0,0776;0,0357;0,0082
O00-O08;Schwangerschaft mit abortivem Ausgang;40786;2,1342;2,0736;2;0;0;59;1555;5242;9825;11775;8549;3386;374;18;1;0;0;0;0;0;0;0;0,00;0,00;0,00;0,0014;0,0381;0,1285;0,2409;0,2887;0,2096;0,083;0,0092;0,0004;0,00;0,00;0,00;0,00;0,00;0,00;0,00;0,00
O09-O09;Schwangerschaftsdauer;0;0,00;0,00;0;0;0;0;0;0;0;0;0;0;0;0;0;0;0;0;0;0;0;0;0,00;0,00;0,00;0,00;0,00;0,00;0,00;0,00;0,00;0,00;0,00;0,00;0,00;0,00;0,00;0,00;0,00;0,00;0,00;0,00
O10-O16;Ödeme, Proteinurie und Hypertonie während der Schwangerschaft, der Geburt und des Wochenbettes;22935;5,3848;4,8847;0;0;0;10;451;2792;6689;7436;4233;1184;130;10;0;0;0;0;0;0;0;0;0,00;0,00;0,00;0,0004;0,0197;0,1217;0,2917;0,3242;0,1846;0,0516;0,0057;0,0004;0,00;0,00;0,00;0,00;0,00;0,00;0,00;0,00
O20-O29;Sonstige Krankheiten der Mutter, die vorwiegend mit der Schwangerschaft verbunden sind;101650;3,4322;3,2087;0;0;4;88;6059;19965;30563;27888;13887;2995;194;7;0;0;0;0;0;0;0;0;0,00;0,00;0,00;0,0009;0,0596;0,1964;0,3007;0,2744;0,1366;0,0295;0,0019;0,0001;0,00;0,00;0,00;0,00;0,00;0,00;0,00;0,00
O30-O48;Betreuung der Mutter im Hinblick auf den Feten und die Amnionhöhle sowie mögliche Entbindungskomplikationen;231509;4,5782;5,5104;3;2;1;78;6416;29013;65151;77771;42922;9571;550;29;1;0;0;0;0;0;0;1;0,00;0,00;0,00;0,0003;0,0277;0,1253;0,2814;0,3359;0,1854;0,0413;0,0024;0,0001;0,00;0,00;0,00;0,00;0,00;0,00;0,00;0,00
O60-O75;Komplikationen bei Wehentätigkeit und Entbindung;278752;4,0695;3,1556;4;0;1;81;7775;34952;81565;96991;47869;9077;418;16;2;1;0;0;0;0;0;0;0,00;0,00;0,00;0,0003;0,0279;0,1254;0,2926;0,3479;0,1717;0,0326;0,0015;0,0001;0,00;0,00;0,00;0,00;0,00;0,00;0,00;0,00
O80-O82;Entbindung;83180;3,2561;1,6304;11;1;0;23;2169;10882;24642;28260;14229;2827;130;6;0;0;0;0;0;0;0;0;0,0001;0,00;0,00;0,0003;0,0261;0,1308;0,2962;0,3397;0,1711;0,034;0,0016;0,0001;0,00;0,00;0,00;0,00;0,00;0,00;0,00;0,00
O85-O92;Komplikationen, die vorwiegend im Wochenbett auftreten;12353;3,7618;2,7897;2;0;1;1;363;1677;3629;4155;2073;423;27;1;1;0;0;0;0;0;0;0;0,0002;0,00;0,0001;0,0001;0,0294;0,1358;0,2938;0,3364;0,1678;0,0342;0,0022;0,0001;0,0001;0,00;0,00;0,00;0,00;0,00;0,00;0,00
O94-O99;Sonstige Krankheitszustände während der Gestationsperiode, die anderenorts nicht klassifiziert sind;36714;2,9404;3,0794;3;0;0;32;1903;6772;11075;10658;5120;1094;55;1;0;1;0;0;0;0;0;0;0,0001;0,00;0,00;0,0009;0,0518;0,1845;0,3017;0,2903;0,1395;0,0298;0,0015;0,00;0,00;0,00;0,00;0,00;0,00;0,00;0,00;0,00
P00-P04;Schädigung des Feten und Neugeborenen durch mütterliche Faktoren und durch Komplikationen bei Schwangerschaft, Wehentätigkeit und Entbindung;5937;4,7942;4,6447;5937;0;0;0;0;0;0;0;0;0;0;0;0;0;0;0;0;0;0;0;1,00;0,00;0,00;0,00;0,00;0,00;0,00;0,00;0,00;0,00;0,00;0,00;0,00;0,00;0,00;0,00;0,00;0,00;0,00;0,00
P05-P08;Störungen im Zusammenhang mit der Schwangerschaftsdauer und dem fetalen Wachstum;77700;14,8595;21,2616;77687;5;6;0;0;2;0;0;0;0;0;0;0;0;0;0;0;0;0;0;0,9998;0,0001;0,0001;0,00;0,00;0,00;0,00;0,00;0,00;0,00;0,00;0,00;0,00;0,00;0,00;0,00;0,00;0,00;0,00;0,00
P10-P15;Geburtstrauma;2131;3,4491;2,1004;2123;2;0;4;1;1;0;0;0;0;0;0;0;0;0;0;0;0;0;0;0,9962;0,0009;0,00;0,0019;0,0005;0,0005;0,00;0,00;0,00;0,00;0,00;0,00;0,00;0,00;0,00;0,00;0,00;0,00;0,00;0,00
P20-P29;Krankheiten des Atmungs- und Herz-Kreislaufsystems, die für die Perinatalperiode spezifisch sind;31323;6,1485;8,7666;31291;21;4;1;2;0;2;0;1;0;0;0;1;0;0;0;0;0;0;0;0,999;0,0007;0,0001;0,00;0,0001;0,00;0,0001;0,00;0,00;0,00;0,00;0,00;0,00;0,00;0,00;0,00;0,00;0,00;0,00;0,00
P35-P39;Infektionen, die für die Perinatalperiode spezifisch sind;14019;6,3102;4,2091;14014;3;1;0;0;1;0;0;0;0;0;0;0;0;0;0;0;0;0;0;0,9996;0,0002;0,0001;0,00;0,00;0,0001;0,00;0,00;0,00;0,00;0,00;0,00;0,00;0,00;0,00;0,00;0,00;0,00;0,00;0,00
P50-P61;Hämorrhagische und hämatologische Krankheiten beim Feten und Neugeborenen;19242;4,5642;3,1122;19242;0;0;0;0;0;0;0;0;0;0;0;0;0;0;0;0;0;0;0;1,00;0,00;0,00;0,00;0,00;0,00;0,00;0,00;0,00;0,00;0,00;0,00;0,00;0,00;0,00;0,00;0,00;0,00;0,00;0,00
P70-P74;Transitorische endokrine und Stoffwechselstörungen, die für den Feten und das Neugeborene spezifisch sind;10595;4,6568;3,4032;10595;0;0;0;0;0;0;0;0;0;0;0;0;0;0;0;0;0;0;0;1,00;0,00;0,00;0,00;0,00;0,00;0,00;0,00;0,00;0,00;0,00;0,00;0,00;0,00;0,00;0,00;0,00;0,00;0,00;0,00
P75-P78;Krankheiten des Verdauungssystems beim Feten und Neugeborenen;824;11,2743;22,4664;824;0;0;0;0;0;0;0;0;0;0;0;0;0;0;0;0;0;0;0;1,00;0,00;0,00;0,00;0,00;0,00;0,00;0,00;0,00;0,00;0,00;0,00;0,00;0,00;0,00;0,00;0,00;0,00;0,00;0,00
P80-P83;Krankheitszustände mit Beteiligung der Haut und der Temperaturregulation beim Feten und Neugeborenen;3640;3,8841;4,7006;3580;36;17;2;1;0;0;0;0;0;2;1;0;0;0;1;0;0;0;0;0,9835;0,0099;0,0047;0,0005;0,0003;0,00;0,00;0,00;0,00;0,00;0,0005;0,0003;0,00;0,00;0,00;0,0003;0,00;0,00;0,00;0,00
P90-P96;Sonstige Störungen, die ihren Ursprung in der Perinatalperiode haben;11213;5,2241;7,9671;11186;17;4;2;1;0;1;1;0;0;0;1;0;0;0;0;0;0;0;0;0,9976;0,0015;0,0004;0,0002;0,0001;0,00;0,0001;0,0001;0,00;0,00;0,00;0,0001;0,00;0,00;0,00;0,00;0,00;0,00;0,00;0,00
Q00-Q07;Angeborene Fehlbildungen des Nervensystems;3296;7,2251;11,9007;1078;722;391;203;153;96;83;65;70;55;81;75;58;54;30;48;19;15;0;0;0,3271;0,2191;0,1186;0,0616;0,0464;0,0291;0,0252;0,0197;0,0212;0,0167;0,0246;0,0228;0,0176;0,0164;0,0091;0,0146;0,0058;0,0046;0,00;0,00
Q10-Q18;Angeborene Fehlbildungen des Auges, des Ohres, des Gesichtes und des Halses;8660;3,101;2,5799;885;1311;1311;898;629;434;448;373;326;382;396;381;291;212;122;133;71;43;11;3;0,1022;0,1514;0,1514;0,1037;0,0726;0,0501;0,0517;0,0431;0,0376;0,0441;0,0457;0,044;0,0336;0,0245;0,0141;0,0154;0,0082;0,005;0,0013;0,0003
Q20-Q28;Angeborene Fehlbildungen des Kreislaufsystems;21822;7,8737;14,6949;6770;2494;1509;1162;978;742;677;680;683;820;1042;1066;841;690;522;578;398;124;40;6;0,3102;0,1143;0,0692;0,0532;0,0448;0,034;0,031;0,0312;0,0313;0,0376;0,0477;0,0488;0,0385;0,0316;0,0239;0,0265;0,0182;0,0057;0,0018;0,0003
Q30-Q34;Angeborene Fehlbildungen des Atmungssystems;2286;5,9891;12,1848;949;304;106;77;121;147;106;74;53;52;55;57;52;32;31;22;35;8;3;2;0,4151;0,133;0,0464;0,0337;0,0529;0,0643;0,0464;0,0324;0,0232;0,0227;0,0241;0,0249;0,0227;0,014;0,0136;0,0096;0,0153;0,0035;0,0013;0,0009
Q35-Q37;Lippen-, Kiefer- und Gaumenspalte;4157;5,4239;4,4321;2218;575;345;308;317;122;65;53;38;23;28;22;19;11;7;4;1;0;1;0;0,5336;0,1383;0,083;0,0741;0,0763;0,0293;0,0156;0,0127;0,0091;0,0055;0,0067;0,0053;0,0046;0,0026;0,0017;0,001;0,0002;0,00;0,0002;0,00
Q38-Q45;Sonstige angeborene Fehlbildungen des Verdauungssystems;6862;8,3095;14,7954;3927;605;220;162;136;98;79;91;83;139;162;167;188;196;152;199;150;68;30;10;0,5723;0,0882;0,0321;0,0236;0,0198;0,0143;0,0115;0,0133;0,0121;0,0203;0,0236;0,0243;0,0274;0,0286;0,0222;0,029;0,0219;0,0099;0,0044;0,0015
Q50-Q56;Angeborene Fehlbildungen der Genitalorgane;13777;3,0311;2,9367;1837;6285;2158;932;478;299;341;292;209;159;168;154;119;93;65;89;61;16;16;6;0,1333;0,4562;0,1566;0,0676;0,0347;0,0217;0,0248;0,0212;0,0152;0,0115;0,0122;0,0112;0,0086;0,0068;0,0047;0,0065;0,0044;0,0012;0,0012;0,0004
Q60-Q64;Angeborene Fehlbildungen des Harnsystems;7898;4,8695;6,6204;2977;1724;912;339;294;210;152;116;99;108;143;193;158;133;90;114;75;33;18;10;0,3769;0,2183;0,1155;0,0429;0,0372;0,0266;0,0192;0,0147;0,0125;0,0137;0,0181;0,0244;0,02;0,0168;0,0114;0,0144;0,0095;0,0042;0,0023;0,0013
Q65-Q79;Angeborene Fehlbildungen und Deformitäten des Muskel-Skelett-Systems;22469;5,4825;9,599;7968;2261;1802;2760;2346;1254;965;651;508;432;422;362;220;152;114;145;68;24;13;2;0,3546;0,1006;0,0802;0,1228;0,1044;0,0558;0,0429;0,029;0,0226;0,0192;0,0188;0,0161;0,0098;0,0068;0,0051;0,0065;0,003;0,0011;0,0006;0,0001
Q80-Q89;Sonstige angeborene Fehlbildungen;5657;4,2572;5,6918;703;526;398;298;566;641;381;281;271;271;323;310;199;152;93;126;76;24;15;3;0,1243;0,093;0,0704;0,0527;0,1001;0,1133;0,0674;0,0497;0,0479;0,0479;0,0571;0,0548;0,0352;0,0269;0,0164;0,0223;0,0134;0,0042;0,0027;0,0005
Q90-Q99;Chromosomenanomalien, anderenorts nicht klassifiziert;798;10,3158;16,2053;559;67;58;31;20;12;9;4;2;5;15;7;2;5;1;1;0;0;0;0;0,7005;0,084;0,0727;0,0388;0,0251;0,015;0,0113;0,005;0,0025;0,0063;0,0188;0,0088;0,0025;0,0063;0,0013;0,0013;0,00;0,00;0,00;0,00
R00-R09;Symptome, die das Kreislaufsystem und das Atmungssystem betreffen;251356;2,7982;3,1294;4330;1524;1781;4309;8563;8493;8728;9859;11145;14564;19864;22490;21046;19967;16838;23084;24188;15746;10384;4453;0,0172;0,0061;0,0071;0,0171;0,0341;0,0338;0,0347;0,0392;0,0443;0,0579;0,079;0,0895;0,0837;0,0794;0,067;0,0918;0,0962;0,0626;0,0413;0,0177
R10-R19;Symptome, die das Verdauungssystem und das Abdomen betreffen;194587;2,7986;3,4237;3061;3814;7109;16182;20388;14922;11886;9665;8308;8610;10121;10353;9597;9595;8650;11910;12689;8701;6032;2994;0,0157;0,0196;0,0365;0,0832;0,1048;0,0767;0,0611;0,0497;0,0427;0,0442;0,052;0,0532;0,0493;0,0493;0,0445;0,0612;0,0652;0,0447;0,031;0,0154
R20-R23;Symptome, die die Haut und das Unterhautgewebe betreffen;30354;3,3491;2,7682;1072;541;327;606;1392;2112;2626;2731;2469;2592;2885;2570;1878;1389;1096;1317;1248;750;494;259;0,0353;0,0178;0,0108;0,02;0,0459;0,0696;0,0865;0,09;0,0813;0,0854;0,095;0,0847;0,0619;0,0458;0,0361;0,0434;0,0411;0,0247;0,0163;0,0085
R25-R29;Symptome, die das Nervensystem und das Muskel-Skelett-System betreffen;42460;12,5327;9,0342;436;806;339;393;456;251;279;272;281;364;623;774;918;1315;1978;4651;7940;8319;7856;4209;0,0103;0,019;0,008;0,0093;0,0107;0,0059;0,0066;0,0064;0,0066;0,0086;0,0147;0,0182;0,0216;0,031;0,0466;0,1095;0,187;0,1959;0,185;0,0991
R30-R39;Symptome, die das Harnsystem betreffen;33056;4,3571;4,5635;126;357;542;369;290;296;295;339;328;430;711;1016;1322;1910;2351;4438;5919;5162;4429;2426;0,0038;0,0108;0,0164;0,0112;0,0088;0,009;0,0089;0,0103;0,0099;0,013;0,0215;0,0307;0,04;0,0578;0,0711;0,1343;0,1791;0,1562;0,134;0,0734
R40-R46;Symptome, die das Erkennungs- und Wahrnehmungsvermögen, die Stimmung und das Verhalten betreffen;87817;3,6856;3,6515;897;644;647;2180;4004;3203;3235;3446;3265;4036;5442;6083;5789;5544;4910;7795;9920;8057;5985;2735;0,0102;0,0073;0,0074;0,0248;0,0456;0,0365;0,0368;0,0392;0,0372;0,046;0,062;0,0693;0,0659;0,0631;0,0559;0,0888;0,113;0,0917;0,0682;0,0311
R47-R49;Symptome, die die Sprache und die Stimme betreffen;3814;5,4937;8,408;5;37;36;31;49;57;77;88;94;137;227;269;272;308;331;450;516;379;316;135;0,0013;0,0097;0,0094;0,0081;0,0128;0,0149;0,0202;0,0231;0,0246;0,0359;0,0595;0,0705;0,0713;0,0808;0,0868;0,118;0,1353;0,0994;0,0829;0,0354
R50-R69;Allgemeinsymptome;279944;4,3351;4,7725;6668;8925;6163;11304;16078;10243;8339;7687;7287;8887;12341;14546;14866;15579;15230;25877;33236;26795;20453;9440;0,0238;0,0319;0,022;0,0404;0,0574;0,0366;0,0298;0,0275;0,026;0,0317;0,0441;0,052;0,0531;0,0557;0,0544;0,0924;0,1187;0,0957;0,0731;0,0337
R70-R79;Abnorme Blutuntersuchungsbefunde ohne Vorliegen einer Diagnose;6835;3,2963;3,3589;372;152;137;162;221;190;216;223;213;254;402;499;515;610;505;775;694;389;242;64;0,0544;0,0222;0,02;0,0237;0,0323;0,0278;0,0316;0,0326;0,0312;0,0372;0,0588;0,073;0,0753;0,0892;0,0739;0,1134;0,1015;0,0569;0,0354;0,0094
R80-R82;Abnorme Urinuntersuchungsbefunde ohne Vorliegen einer Diagnose;825;2,1758;2,5163;33;56;65;53;63;31;44;17;25;32;62;40;75;61;48;58;36;19;3;4;0,04;0,0679;0,0788;0,0642;0,0764;0,0376;0,0533;0,0206;0,0303;0,0388;0,0752;0,0485;0,0909;0,0739;0,0582;0,0703;0,0436;0,023;0,0036;0,0048
R83-R89;Abnorme Befunde ohne Vorliegen einer Diagnose bei der Untersuchung anderer Körperflüssigkeiten, Substanzen und Gewebe;1455;2,5973;2,9906;104;3;7;7;7;37;84;130;115;141;152;146;95;85;66;98;101;47;27;3;0,0715;0,0021;0,0048;0,0048;0,0048;0,0254;0,0577;0,0893;0,079;0,0969;0,1045;0,1003;0,0653;0,0584;0,0454;0,0674;0,0694;0,0323;0,0186;0,0021
R90-R94;Abnorme Befunde ohne Vorliegen einer Diagnose bei bildgebender Diagnostik und Funktionsprüfungen;14413;3,5013;4,6536;177;329;792;395;258;207;252;269;292;500;860;1245;1384;1501;1367;1792;1644;747;317;85;0,0123;0,0228;0,055;0,0274;0,0179;0,0144;0,0175;0,0187;0,0203;0,0347;0,0597;0,0864;0,096;0,1041;0,0948;0,1243;0,1141;0,0518;0,022;0,0059
R95-R99;Ungenau bezeichnete und unbekannte Todesursachen;36;1,2222;0,7601;30;5;0;0;0;0;0;0;0;1;0;0;0;0;0;0;0;0;0;0;0,8333;0,1389;0,00;0,00;0,00;0,00;0,00;0,00;0,00;0,0278;0,00;0,00;0,00;0,00;0,00;0,00;0,00;0,00;0,00;0,00
S00-S09;Verletzungen des Kopfes;390400;3,6524;7,9803;19853;38592;23433;23923;27815;23487;16808;12282;10238;10844;14057;15211;13478;12593;11525;19196;25939;26089;26658;18379;0,0509;0,0989;0,06;0,0613;0,0712;0,0602;0,0431;0,0315;0,0262;0,0278;0,036;0,039;0,0345;0,0323;0,0295;0,0492;0,0664;0,0668;0,0683;0,0471
S10-S19;Verletzungen des Halses;29321;7,0672;17,9773;39;301;531;1148;2765;2901;2102;1528;1329;1392;1664;1659;1378;1102;992;1606;1960;1897;1833;1194;0,0013;0,0103;0,0181;0,0392;0,0943;0,0989;0,0717;0,0521;0,0453;0,0475;0,0568;0,0566;0,047;0,0376;0,0338;0,0548;0,0668;0,0647;0,0625;0,0407
S20-S29;Verletzungen des Thorax;100793;7,403;9,6556;57;257;860;1619;2795;3062;2669;2486;2446;3309;5438;6524;6445;6095;5568;9203;12346;11723;10992;6899;0,0006;0,0025;0,0085;0,0161;0,0277;0,0304;0,0265;0,0247;0,0243;0,0328;0,054;0,0647;0,0639;0,0605;0,0552;0,0913;0,1225;0,1163;0,1091;0,0684
S30-S39;Verletzungen des Abdomens, der Lumbosakralgegend, der Lendenwirbelsäule und des Beckens;144045;9,2702;9,8098;248;1438;3524;4300;4940;4405;3674;2966;2614;2982;4420;5477;5707;6181;6511;12559;19019;20308;20067;12705;0,0017;0,01;0,0245;0,0299;0,0343;0,0306;0,0255;0,0206;0,0181;0,0207;0,0307;0,038;0,0396;0,0429;0,0452;0,0872;0,132;0,141;0,1393;0,0882
S40-S49;Verletzungen der Schulter und des Oberarmes;147770;6,6013;6,9174;149;1733;4274;3294;4855;5652;5440;4630;4373;5774;8873;10224;10022;10265;9255;13028;15535;12793;11108;6493;0,001;0,0117;0,0289;0,0223;0,0329;0,0382;0,0368;0,0313;0,0296;0,0391;0,06;0,0692;0,0678;0,0695;0,0626;0,0882;0,1051;0,0866;0,0752;0,0439
S50-S59;Verletzungen des Ellenbogens und des Unterarmes;139863;4,1857;4,7881;41;2261;9148;9897;4420;3722;3943;3713;3472;4473;6401;8679;10118;11068;9572;12982;13717;10680;7815;3741;0,0003;0,0162;0,0654;0,0708;0,0316;0,0266;0,0282;0,0265;0,0248;0,032;0,0458;0,0621;0,0723;0,0791;0,0684;0,0928;0,0981;0,0764;0,0559;0,0267
S60-S69;Verletzungen des Handgelenkes und der Hand;56591;3,1378;3,613;73;1291;1318;1954;4049;5313;4896;3904;3338;3806;4954;4918;4058;3096;2247;2492;2264;1378;846;396;0,0013;0,0228;0,0233;0,0345;0,0715;0,0939;0,0865;0,069;0,059;0,0673;0,0875;0,0869;0,0717;0,0547;0,0397;0,044;0,04;0,0244;0,0149;0,007
S70-S79;Verletzungen der Hüfte und des Oberschenkels;204873;13,7284;10,0159;226;1005;864;1437;1789;1502;1412;1279;1346;1924;3487;5006;6448;8100;9289;17964;29906;37174;42623;32092;0,0011;0,0049;0,0042;0,007;0,0087;0,0073;0,0069;0,0062;0,0066;0,0094;0,017;0,0244;0,0315;0,0395;0,0453;0,0877;0,146;0,1814;0,208;0,1566
S80-S89;Verletzungen des Knies und des Unterschenkels;209079;6,8642;8,2311;54;892;1890;6992;13739;14144;13279;11297;10452;12848;16727;17301;15077;14164;11254;14313;13720;9471;7223;4242;0,0003;0,0043;0,009;0,0334;0,0657;0,0676;0,0635;0,054;0,05;0,0615;0,08;0,0827;0,0721;0,0677;0,0538;0,0685;0,0656;0,0453;0,0345;0,0203
S90-S99;Verletzungen der Knöchelregion und des Fußes;36194;5,9546;7,7349;52;424;652;1181;2161;2529;2628;2385;2155;2426;3181;3393;2945;2383;1631;1987;1772;1098;771;440;0,0014;0,0117;0,018;0,0326;0,0597;0,0699;0,0726;0,0659;0,0595;0,067;0,0879;0,0937;0,0814;0,0658;0,0451;0,0549;0,049;0,0303;0,0213;0,0122
T00-T07;Verletzungen mit Beteiligung mehrerer Körperregionen;770;7,80;15,3929;17;31;29;28;59;63;41;36;27;46;45;36;37;25;21;34;50;51;58;36;0,0221;0,0403;0,0377;0,0364;0,0766;0,0818;0,0532;0,0468;0,0351;0,0597;0,0584;0,0468;0,0481;0,0325;0,0273;0,0442;0,0649;0,0662;0,0753;0,0468
T08-T14;Verletzungen nicht näher bezeichneter Teile des Rumpfes, der Extremitäten oder anderer Körperregionen;3851;4,4503;5,2781;68;184;220;253;212;181;144;151;114;157;206;236;176;169;137;223;320;257;274;169;0,0177;0,0478;0,0571;0,0657;0,0551;0,047;0,0374;0,0392;0,0296;0,0408;0,0535;0,0613;0,0457;0,0439;0,0356;0,0579;0,0831;0,0667;0,0712;0,0439
T15-T19;Folgen des Eindringens eines Fremdkörpers durch eine natürliche Körperöffnung;15716;2,4842;3,7478;509;2102;741;389;469;582;590;500;473;513;753;897;876;920;763;1092;1230;989;838;490;0,0324;0,1337;0,0471;0,0248;0,0298;0,037;0,0375;0,0318;0,0301;0,0326;0,0479;0,0571;0,0557;0,0585;0,0485;0,0695;0,0783;0,0629;0,0533;0,0312
T20-T25;Verbrennungen oder Verätzungen der äußeren Körperoberfläche, Lokalisation bezeichnet;13684;7,7783;12,0853;950;3598;791;607;665;757;725;662;540;563;672;676;541;452;294;357;348;238;169;79;0,0694;0,2629;0,0578;0,0444;0,0486;0,0553;0,053;0,0484;0,0395;0,0411;0,0491;0,0494;0,0395;0,033;0,0215;0,0261;0,0254;0,0174;0,0124;0,0058
T26-T28;Verbrennungen oder Verätzungen, die auf das Auge und auf innere Organe begrenzt sind;2126;3,9958;9,0398;11;117;42;47;98;181;169;169;169;184;211;204;162;91;59;68;62;38;28;16;0,0052;0,055;0,0198;0,0221;0,0461;0,0851;0,0795;0,0795;0,0795;0,0865;0,0992;0,096;0,0762;0,0428;0,0278;0,032;0,0292;0,0179;0,0132;0,0075
T29-T32;Verbrennungen oder Verätzungen mehrerer und nicht näher bezeichneter Körperregionen;463;5,8661;9,993;34;124;22;20;26;17;18;25;19;24;27;29;16;9;10;10;16;6;5;6;0,0734;0,2678;0,0475;0,0432;0,0562;0,0367;0,0389;0,054;0,041;0,0518;0,0583;0,0626;0,0346;0,0194;0,0216;0,0216;0,0346;0,013;0,0108;0,013
T33-T35;Erfrierungen;119;12,3697;15,0146;0;0;0;2;2;10;5;6;8;9;15;14;13;9;4;7;6;6;3;0;0,00;0,00;0,00;0,0168;0,0168;0,084;0,042;0,0504;0,0672;0,0756;0,1261;0,1176;0,1092;0,0756;0,0336;0,0588;0,0504;0,0504;0,0252;0,00
T36-T50;Vergiftungen durch Arzneimittel, Drogen und biologisch aktive Substanzen;28408;2,5253;4,1074;148;1253;194;939;3067;2356;1987;1813;1718;1891;2251;2040;1468;1098;821;1206;1393;1255;1018;492;0,0052;0,0441;0,0068;0,0331;0,108;0,0829;0,0699;0,0638;0,0605;0,0666;0,0792;0,0718;0,0517;0,0387;0,0289;0,0425;0,049;0,0442;0,0358;0,0173
T51-T65;Toxische Wirkungen von vorwiegend nicht medizinisch verwendeten Substanzen;18075;1,6211;2,207;336;1241;637;812;1527;1320;1226;1075;1024;1116;1413;1342;1169;857;606;766;663;438;326;181;0,0186;0,0687;0,0352;0,0449;0,0845;0,073;0,0678;0,0595;0,0567;0,0617;0,0782;0,0742;0,0647;0,0474;0,0335;0,0424;0,0367;0,0242;0,018;0,01
T66-T78;Sonstige und nicht näher bezeichnete Schäden durch äußere Ursachen;44990;1,9896;3,3392;959;4096;2110;1955;2968;3646;3077;2510;2092;2213;2764;2628;2474;2292;1965;2381;2117;1379;887;477;0,0213;0,091;0,0469;0,0435;0,066;0,081;0,0684;0,0558;0,0465;0,0492;0,0614;0,0584;0,055;0,0509;0,0437;0,0529;0,0471;0,0307;0,0197;0,0106
T79-T79;Bestimmte Frühkomplikationen eines Traumas;6017;10,5571;12,1349;8;151;181;144;219;252;279;223;224;289;389;403;394;367;299;528;600;484;383;200;0,0013;0,0251;0,0301;0,0239;0,0364;0,0419;0,0464;0,0371;0,0372;0,048;0,0647;0,067;0,0655;0,061;0,0497;0,0878;0,0997;0,0804;0,0637;0,0332
T80-T88;Komplikationen bei chirurgischen Eingriffen und medizinischer Behandlung, anderenorts nicht klassifiziert;284733;9,843;12,7386;682;1896;2076;2003;3969;5338;5856;6232;6534;9019;14921;19773;23492;27044;27375;39616;42088;26708;14608;5503;0,0024;0,0067;0,0073;0,007;0,0139;0,0187;0,0206;0,0219;0,0229;0,0317;0,0524;0,0694;0,0825;0,095;0,0961;0,1391;0,1478;0,0938;0,0513;0,0193
T89-T89;Sonstige Komplikationen eines Traumas, anderenorts nicht klassifiziert;1103;9,8586;11,3672;2;33;34;19;36;47;53;39;44;56;82;99;66;63;71;106;84;76;56;37;0,0018;0,0299;0,0308;0,0172;0,0326;0,0426;0,0481;0,0354;0,0399;0,0508;0,0743;0,0898;0,0598;0,0571;0,0644;0,0961;0,0762;0,0689;0,0508;0,0335
T90-T98;Folgen von Verletzungen, Vergiftungen und sonstigen Auswirkungen äußerer Ursachen;2;20,00;1,4142;0;0;0;0;0;1;0;0;0;0;0;0;0;1;0;0;0;0;0;0;0,00;0,00;0,00;0,00;0,00;0,50;0,00;0,00;0,00;0,00;0,00;0,00;0,00;0,50;0,00;0,00;0,00;0,00;0,00;0,00
U00-U49;Vorläufige Zuordnungen für Krankheiten mit unklarer Ätiologie und nicht belegte Schlüsselnummern;-999;-999,00;-999,00;-999;-999;-999;-999;-999;-999;-999;-999;-999;-999;-999;-999;-999;-999;-999;-999;-999;-999;-999;-999;-9,99;-9,99;-9,99;-9,99;-9,99;-9,99;-9,99;-9,99;-9,99;-9,99;-9,99;-9,99;-9,99;-9,99;-9,99;-9,99;-9,99;-9,99;-9,99;-9,99
U50-U52;Funktionseinschränkung;6;19,8333;17,3138;0;2;1;1;1;0;0;0;0;0;0;0;0;0;0;0;1;0;0;0;0,00;0,3333;0,1667;0,1667;0,1667;0,00;0,00;0,00;0,00;0,00;0,00;0,00;0,00;0,00;0,00;0,00;0,1667;0,00;0,00;0,00
U55-U55;Erfolgte Registrierung zur Organtransplantation;0;0,00;0,00;0;0;0;0;0;0;0;0;0;0;0;0;0;0;0;0;0;0;0;0;0,00;0,00;0,00;0,00;0,00;0,00;0,00;0,00;0,00;0,00;0,00;0,00;0,00;0,00;0,00;0,00;0,00;0,00;0,00;0,00
U60-U61;Stadieneinteilung der HIV-Infektion;0;0,00;0,00;0;0;0;0;0;0;0;0;0;0;0;0;0;0;0;0;0;0;0;0;0,00;0,00;0,00;0,00;0,00;0,00;0,00;0,00;0,00;0,00;0,00;0,00;0,00;0,00;0,00;0,00;0,00;0,00;0,00;0,00
U69-U69;Sonstige sekundäre Schlüsselnummern für besondere Zwecke;0;0,00;0,00;0;0;0;0;0;0;0;0;0;0;0;0;0;0;0;0;0;0;0;0;0,00;0,00;0,00;0,00;0,00;0,00;0,00;0,00;0,00;0,00;0,00;0,00;0,00;0,00;0,00;0,00;0,00;0,00;0,00;0,00
U80-U85;Infektionserreger mit Resistenzen gegen bestimmte Antibiotika oder Chemotherapeutika;0;0,00;0,00;0;0;0;0;0;0;0;0;0;0;0;0;0;0;0;0;0;0;0;0;0,00;0,00;0,00;0,00;0,00;0,00;0,00;0,00;0,00;0,00;0,00;0,00;0,00;0,00;0,00;0,00;0,00;0,00;0,00;0,00
U99-U99;Nicht belegte Schlüsselnummern;0;0,00;0,00;0;0;0;0;0;0;0;0;0;0;0;0;0;0;0;0;0;0;0;0;0,00;0,00;0,00;0,00;0,00;0,00;0,00;0,00;0,00;0,00;0,00;0,00;0,00;0,00;0,00;0,00;0,00;0,00;0,00;0,00
V01-X59;Unfälle;0;0,00;0,00;0;0;0;0;0;0;0;0;0;0;0;0;0;0;0;0;0;0;0;0;0,00;0,00;0,00;0,00;0,00;0,00;0,00;0,00;0,00;0,00;0,00;0,00;0,00;0,00;0,00;0,00;0,00;0,00;0,00;0,00
X60-X84;Vorsätzliche Selbstbeschädigung;0;0,00;0,00;0;0;0;0;0;0;0;0;0;0;0;0;0;0;0;0;0;0;0;0;0,00;0,00;0,00;0,00;0,00;0,00;0,00;0,00;0,00;0,00;0,00;0,00;0,00;0,00;0,00;0,00;0,00;0,00;0,00;0,00
X85-Y09;Tätlicher Angriff;0;0,00;0,00;0;0;0;0;0;0;0;0;0;0;0;0;0;0;0;0;0;0;0;0;0,00;0,00;0,00;0,00;0,00;0,00;0,00;0,00;0,00;0,00;0,00;0,00;0,00;0,00;0,00;0,00;0,00;0,00;0,00;0,00
Y10-Y34;Ereignis, dessen nähere Umstände unbestimmt sind;0;0,00;0,00;0;0;0;0;0;0;0;0;0;0;0;0;0;0;0;0;0;0;0;0;0,00;0,00;0,00;0,00;0,00;0,00;0,00;0,00;0,00;0,00;0,00;0,00;0,00;0,00;0,00;0,00;0,00;0,00;0,00;0,00
Y35-Y36;Gesetzliche Maßnahmen und Kriegshandlungen;0;0,00;0,00;0;0;0;0;0;0;0;0;0;0;0;0;0;0;0;0;0;0;0;0;0,00;0,00;0,00;0,00;0,00;0,00;0,00;0,00;0,00;0,00;0,00;0,00;0,00;0,00;0,00;0,00;0,00;0,00;0,00;0,00
Y40-Y84;Komplikationen bei der medizinischen und chirurgischen Behandlung;0;0,00;0,00;0;0;0;0;0;0;0;0;0;0;0;0;0;0;0;0;0;0;0;0;0,00;0,00;0,00;0,00;0,00;0,00;0,00;0,00;0,00;0,00;0,00;0,00;0,00;0,00;0,00;0,00;0,00;0,00;0,00;0,00
Z00-Z13;Personen, die das Gesundheitswesen zur Untersuchung und Abklärung in Anspruch nehmen;64069;2,1463;2,013;10118;4619;2136;1759;2024;1564;1914;2051;1896;2458;3531;4405;4629;4684;3908;4705;4156;2042;1097;373;0,1579;0,0721;0,0333;0,0275;0,0316;0,0244;0,0299;0,032;0,0296;0,0384;0,0551;0,0688;0,0723;0,0731;0,061;0,0734;0,0649;0,0319;0,0171;0,0058
Z20-Z29;Personen mit potentiellen Gesundheitsrisiken hinsichtlich übertragbarer Krankheiten;3837;2,5637;2,7834;3253;289;75;35;24;12;13;20;6;9;11;7;11;14;13;15;14;7;6;3;0,8478;0,0753;0,0195;0,0091;0,0063;0,0031;0,0034;0,0052;0,0016;0,0023;0,0029;0,0018;0,0029;0,0036;0,0034;0,0039;0,0036;0,0018;0,0016;0,0008
Z30-Z39;Personen, die das Gesundheitswesen im Zusammenhang mit Problemen der Reproduktion in Anspruch nehmen;449933;3,1786;1,273;446496;1;0;2;99;403;895;1166;643;184;30;12;1;0;1;0;0;0;0;0;0,9924;0,00;0,00;0,00;0,0002;0,0009;0,002;0,0026;0,0014;0,0004;0,0001;0,00;0,00;0,00;0,00;0,00;0,00;0,00;0,00;0,00
Z40-Z54;Personen, die das Gesundheitswesen zum Zwecke spezifischer Maßnahmen und zur medizinischen Betreuung in Anspruch nehmen;49183;3,3186;3,9759;148;326;388;445;470;503;638;782;982;1514;2466;3068;3451;3819;3921;6093;7478;6127;4472;2092;0,003;0,0066;0,0079;0,009;0,0096;0,0102;0,013;0,0159;0,02;0,0308;0,0501;0,0624;0,0702;0,0776;0,0797;0,1239;0,152;0,1246;0,0909;0,0425
Z55-Z65;Personen mit potentiellen Gesundheitsrisiken aufgrund sozioökonomischer oder psychosozialer Umstände;74;3,9865;4,1198;11;6;7;6;5;1;0;2;2;0;1;2;0;1;0;6;7;6;8;3;0,1486;0,0811;0,0946;0,0811;0,0676;0,0135;0,00;0,027;0,027;0,00;0,0135;0,027;0,00;0,0135;0,00;0,0811;0,0946;0,0811;0,1081;0,0405
Z70-Z76;Personen, die das Gesundheitswesen aus sonstigen Gründen in Anspruch nehmen;1134;3,6437;3,6427;725;34;10;24;37;15;15;22;18;16;19;26;30;13;6;18;30;25;36;15;0,6393;0,03;0,0088;0,0212;0,0326;0,0132;0,0132;0,0194;0,0159;0,0141;0,0168;0,0229;0,0265;0,0115;0,0053;0,0159;0,0265;0,022;0,0317;0,0132
Z80-Z99;Personen mit potentiellen Gesundheitsrisiken aufgrund der Familien- oder Eigenanamnese und bestimmte Zustände, die den Gesundheitszustand beeinflussen;4156;3,3881;2,9395;3861;6;3;4;7;6;10;24;29;39;44;39;24;21;14;11;7;3;4;0;0,929;0,0014;0,0007;0,001;0,0017;0,0014;0,0024;0,0058;0,007;0,0094;0,0106;0,0094;0,0058;0,0051;0,0034;0,0026;0,0017;0,0007;0,001;0,00
